2026-08-14 10:34:32,942 [INFO] tg_video_bot: Запуск системы SnipPlitAiStudio...
2026-08-14 10:34:32,942 [INFO] tg_video_bot: Бот Telegram (aiogram) запущен и готов к обработке команд.
2026-08-14 10:34:32,943 [INFO] tg_video_bot: Запуск сервера FastAPI/Uvicorn на http://localhost:8000
2026-08-14 10:34:32,971 [INFO] aiogram.dispatcher: Start polling
2026-08-14 10:34:34,373 [INFO] aiogram.dispatcher: Run polling for bot @SnipPlit_bot id=8654316556 - 'SnipPlit'
2026-08-14 10:36:48,524 [INFO] aiogram.event: Update id=234231141 is handled. Duration 1500 ms by bot id=8654316556
2026-08-14 10:36:51,230 [INFO] aiogram.event: Update id=234231142 is handled. Duration 1469 ms by bot id=8654316556
2026-08-14 10:38:03,185 [INFO] tg_video_bot.audit: Запуск полного аудита системы и проверки компонентов...
2026-08-14 10:38:03,186 [INFO] tg_video_bot.audit: Аудит БД: ОК (Треков: 5, Футажей: 99, Инфлюенсеров: 30)
2026-08-14 10:38:03,273 [INFO] tg_video_bot.audit: Аудит субтитров: ОК (все 6 стилей срендерены)
2026-08-14 10:38:04,049 [INFO] services.chorus_extractor: [Auto-Chorus] Загрузка файла для анализа: C:\Users\a.feoktistov\.gemini\antigravity\scratch\tg_video_bot\downloads\music\audio_AgADIZ8AAnhF8Es.mp3
2026-08-14 10:38:07,921 [INFO] services.chorus_extractor: [Auto-Chorus] Припев найден: 95.2s - 110.2s (оценка: 0.29)
2026-08-14 10:38:09,960 [INFO] tg_video_bot.audit: Аудит припевов: ОК (найден припев 95.2-110.2s)
2026-08-14 10:38:09,960 [INFO] tg_video_bot.audit: Аудит клавиатур Telegram: ОК
2026-08-14 10:38:09,960 [INFO] tg_video_bot.audit: Аудит соединения роутеров и эндпоинтов: ОК
2026-08-14 10:38:09,960 [INFO] tg_video_bot.audit: Полный аудит завершен успешно. БАГОВ НЕ ОБНАРУЖЕНО.
2026-08-14 10:38:09,961 [INFO] tg_video_bot: Запуск системы SnipPlitAiStudio...
2026-08-14 10:38:09,961 [INFO] tg_video_bot: Бот Telegram (aiogram) запущен и готов к обработке команд.
2026-08-14 10:38:09,962 [INFO] tg_video_bot: Запуск сервера FastAPI/Uvicorn на http://localhost:8000
2026-08-14 10:38:09,984 [INFO] aiogram.dispatcher: Start polling
2026-08-14 10:38:09,986 [INFO] tg_video_bot: Остановка компонентов бота и сервера...
2026-08-14 10:38:09,987 [INFO] aiogram.dispatcher: Polling stopped
2026-08-14 10:38:10,252 [INFO] tg_video_bot: Все компоненты завершили работу.
2026-08-14 10:44:15,453 [INFO] tg_video_bot.audit: Запуск полного аудита системы и проверки компонентов...
2026-08-14 10:44:15,455 [INFO] tg_video_bot.audit: Аудит БД: ОК (Треков: 5, Футажей: 99, Инфлюенсеров: 30)
2026-08-14 10:44:15,540 [INFO] tg_video_bot.audit: Аудит субтитров: ОК (все 6 стилей срендерены)
2026-08-14 10:44:16,321 [INFO] services.chorus_extractor: [Auto-Chorus] Загрузка файла для анализа: C:\Users\a.feoktistov\.gemini\antigravity\scratch\tg_video_bot\downloads\music\audio_AgADIZ8AAnhF8Es.mp3
2026-08-14 10:44:20,032 [INFO] services.chorus_extractor: [Auto-Chorus] Припев найден: 95.2s - 110.2s (оценка: 0.29)
2026-08-14 10:44:22,025 [INFO] tg_video_bot.audit: Аудит припевов: ОК (найден припев 95.2-110.2s)
2026-08-14 10:44:22,026 [INFO] tg_video_bot.audit: Аудит клавиатур Telegram: ОК
2026-08-14 10:44:22,026 [INFO] tg_video_bot.audit: Аудит соединения роутеров и эндпоинтов: ОК
2026-08-14 10:44:22,026 [INFO] tg_video_bot.audit: Полный аудит завершен успешно. БАГОВ НЕ ОБНАРУЖЕНО.
2026-08-14 10:44:22,027 [INFO] tg_video_bot: Запуск системы SnipPlitAiStudio...
2026-08-14 10:44:22,027 [INFO] tg_video_bot: Бот Telegram (aiogram) запущен и готов к обработке команд.
2026-08-14 10:44:22,028 [INFO] tg_video_bot: Запуск сервера FastAPI/Uvicorn на http://localhost:8000
2026-08-14 10:44:22,046 [INFO] aiogram.dispatcher: Start polling
2026-08-14 10:44:23,212 [INFO] aiogram.dispatcher: Run polling for bot @SnipPlit_bot id=8654316556 - 'SnipPlit'
2026-08-14 10:44:46,133 [INFO] aiogram.event: Update id=234231143 is handled. Duration 1593 ms by bot id=8654316556
2026-08-14 10:50:13,761 [INFO] tg_video_bot.audit: Запуск полного аудита системы и проверки компонентов...
2026-08-14 10:50:13,763 [INFO] tg_video_bot.audit: Аудит БД: ОК (Треков: 5, Футажей: 99, Инфлюенсеров: 30)
2026-08-14 10:50:13,841 [INFO] tg_video_bot.audit: Аудит субтитров: ОК (все 6 стилей срендерены)
2026-08-14 10:50:14,470 [INFO] services.chorus_extractor: [Auto-Chorus] Загрузка файла для анализа: C:\Users\a.feoktistov\.gemini\antigravity\scratch\tg_video_bot\downloads\music\audio_AgADIZ8AAnhF8Es.mp3
2026-08-14 10:50:17,941 [INFO] services.chorus_extractor: [Auto-Chorus] Припев найден: 95.2s - 110.2s (оценка: 0.29)
2026-08-14 10:50:19,900 [INFO] tg_video_bot.audit: Аудит припевов: ОК (найден припев 95.2-110.2s)
2026-08-14 10:50:19,901 [INFO] tg_video_bot.audit: Аудит клавиатур Telegram: ОК
2026-08-14 10:50:19,901 [INFO] tg_video_bot.audit: Аудит соединения роутеров и эндпоинтов: ОК
2026-08-14 10:50:19,901 [INFO] tg_video_bot.audit: Полный аудит завершен успешно. БАГОВ НЕ ОБНАРУЖЕНО.
2026-08-14 10:50:19,902 [INFO] tg_video_bot: Запуск системы SnipPlitAiStudio...
2026-08-14 10:50:19,902 [INFO] tg_video_bot: Бот Telegram (aiogram) запущен и готов к обработке команд.
2026-08-14 10:50:19,902 [INFO] tg_video_bot: Запуск сервера FastAPI/Uvicorn на http://localhost:8000
2026-08-14 10:50:19,916 [INFO] aiogram.dispatcher: Start polling
2026-08-14 10:50:21,084 [INFO] aiogram.dispatcher: Run polling for bot @SnipPlit_bot id=8654316556 - 'SnipPlit'
2026-08-14 10:54:55,675 [INFO] aiogram.event: Update id=234231144 is handled. Duration 1578 ms by bot id=8654316556
2026-08-14 10:57:02,082 [INFO] services.whisper_transcriber: [Whisper AI] Загрузка модели распознавания речи: 'small'...
2026-08-14 10:57:03,469 [INFO] httpx: HTTP Request: GET https://huggingface.co/api/models/Systran/faster-whisper-small/revision/main "HTTP/1.1 200 OK"
2026-08-14 10:57:04,962 [INFO] services.whisper_transcriber: [Whisper AI] Успешно загружена модель: 'small'
2026-08-14 10:57:05,200 [INFO] faster_whisper: Processing audio with duration 00:30.000
2026-08-14 10:57:08,275 [INFO] faster_whisper: Detected language 'en' with probability 0.94
2026-08-14 11:18:28,740 [INFO] aiogram.event: Update id=234231145 is handled. Duration 1469 ms by bot id=8654316556
2026-08-14 11:18:40,307 [INFO] aiogram.event: Update id=234231146 is handled. Duration 718 ms by bot id=8654316556
2026-08-14 11:18:55,816 [INFO] aiogram.event: Update id=234231147 is not handled. Duration 733 ms by bot id=8654316556
2026-08-14 11:18:55,817 [ERROR] aiogram.event: Cause exception while process update id=234231147 by bot id=8654316556
TypeError: unsupported operand type(s) for /: 'WindowsPath' and 'float'
Traceback (most recent call last):
  File "C:\Users\a.feoktistov\.gemini\antigravity\scratch\tg_video_bot\venv\Lib\site-packages\aiogram\dispatcher\dispatcher.py", line 320, in _process_update
    response = await self.feed_update(bot, update, **kwargs)
               ^^^^^^^^^^^^^^^^^^^^^^^^^^^^^^^^^^^^^^^^^^^^^
  File "C:\Users\a.feoktistov\.gemini\antigravity\scratch\tg_video_bot\venv\Lib\site-packages\aiogram\dispatcher\dispatcher.py", line 164, in feed_update
    response = await self.update.wrap_outer_middleware(
               ^^^^^^^^^^^^^^^^^^^^^^^^^^^^^^^^^^^^^^^^
  File "C:\Users\a.feoktistov\.gemini\antigravity\scratch\tg_video_bot\venv\Lib\site-packages\aiogram\dispatcher\middlewares\error.py", line 27, in __call__
    return await handler(event, data)
           ^^^^^^^^^^^^^^^^^^^^^^^^^^
  File "C:\Users\a.feoktistov\.gemini\antigravity\scratch\tg_video_bot\venv\Lib\site-packages\aiogram\dispatcher\middlewares\user_context.py", line 58, in __call__
    return await handler(event, data)
           ^^^^^^^^^^^^^^^^^^^^^^^^^^
  File "C:\Users\a.feoktistov\.gemini\antigravity\scratch\tg_video_bot\venv\Lib\site-packages\aiogram\fsm\middleware.py", line 43, in __call__
    return await handler(event, data)
           ^^^^^^^^^^^^^^^^^^^^^^^^^^
  File "C:\Users\a.feoktistov\.gemini\antigravity\scratch\tg_video_bot\venv\Lib\site-packages\aiogram\dispatcher\event\telegram.py", line 126, in trigger
    return await wrapped_inner(event, kwargs)
           ^^^^^^^^^^^^^^^^^^^^^^^^^^^^^^^^^^
  File "C:\Users\a.feoktistov\.gemini\antigravity\scratch\tg_video_bot\venv\Lib\site-packages\aiogram\dispatcher\event\handler.py", line 71, in call
    return await wrapped()
           ^^^^^^^^^^^^^^^
  File "C:\Users\a.feoktistov\.gemini\antigravity\scratch\tg_video_bot\venv\Lib\site-packages\aiogram\dispatcher\dispatcher.py", line 283, in _listen_update
    return await self.propagate_event(update_type=update_type, event=event, **kwargs)
           ^^^^^^^^^^^^^^^^^^^^^^^^^^^^^^^^^^^^^^^^^^^^^^^^^^^^^^^^^^^^^^^^^^^^^^^^^^
  File "C:\Users\a.feoktistov\.gemini\antigravity\scratch\tg_video_bot\venv\Lib\site-packages\aiogram\dispatcher\router.py", line 167, in propagate_event
    return await observer.wrap_outer_middleware(_wrapped, event=event, data=kwargs)
           ^^^^^^^^^^^^^^^^^^^^^^^^^^^^^^^^^^^^^^^^^^^^^^^^^^^^^^^^^^^^^^^^^^^^^^^^
  File "C:\Users\a.feoktistov\.gemini\antigravity\scratch\tg_video_bot\venv\Lib\site-packages\aiogram\dispatcher\router.py", line 159, in _wrapped
    return await self._propagate_event(
           ^^^^^^^^^^^^^^^^^^^^^^^^^^^^
  File "C:\Users\a.feoktistov\.gemini\antigravity\scratch\tg_video_bot\venv\Lib\site-packages\aiogram\dispatcher\router.py", line 195, in _propagate_event
    response = await router.propagate_event(update_type=update_type, event=event, **kwargs)
               ^^^^^^^^^^^^^^^^^^^^^^^^^^^^^^^^^^^^^^^^^^^^^^^^^^^^^^^^^^^^^^^^^^^^^^^^^^^^
  File "C:\Users\a.feoktistov\.gemini\antigravity\scratch\tg_video_bot\venv\Lib\site-packages\aiogram\dispatcher\router.py", line 167, in propagate_event
    return await observer.wrap_outer_middleware(_wrapped, event=event, data=kwargs)
           ^^^^^^^^^^^^^^^^^^^^^^^^^^^^^^^^^^^^^^^^^^^^^^^^^^^^^^^^^^^^^^^^^^^^^^^^
  File "C:\Users\a.feoktistov\.gemini\antigravity\scratch\tg_video_bot\venv\Lib\site-packages\aiogram\dispatcher\router.py", line 159, in _wrapped
    return await self._propagate_event(
           ^^^^^^^^^^^^^^^^^^^^^^^^^^^^
  File "C:\Users\a.feoktistov\.gemini\antigravity\scratch\tg_video_bot\venv\Lib\site-packages\aiogram\dispatcher\router.py", line 187, in _propagate_event
    response = await observer.trigger(event, **kwargs)
               ^^^^^^^^^^^^^^^^^^^^^^^^^^^^^^^^^^^^^^^
  File "C:\Users\a.feoktistov\.gemini\antigravity\scratch\tg_video_bot\venv\Lib\site-packages\aiogram\dispatcher\event\telegram.py", line 126, in trigger
    return await wrapped_inner(event, kwargs)
           ^^^^^^^^^^^^^^^^^^^^^^^^^^^^^^^^^^
  File "C:\Users\a.feoktistov\.gemini\antigravity\scratch\tg_video_bot\venv\Lib\site-packages\aiogram\dispatcher\event\handler.py", line 71, in call
    return await wrapped()
           ^^^^^^^^^^^^^^^
  File "C:\Users\a.feoktistov\.gemini\antigravity\scratch\tg_video_bot\bot\handlers\batch_render.py", line 651, in cb_ab_test_pack
    snip_p = await loop.run_in_executor(
             ^^^^^^^^^^^^^^^^^^^^^^^^^^^
  File "C:\Users\a.feoktistov\AppData\Local\Programs\Python\Python312\Lib\concurrent\futures\thread.py", line 59, in run
    result = self.fn(*self.args, **self.kwargs)
             ^^^^^^^^^^^^^^^^^^^^^^^^^^^^^^^^^^
  File "C:\Users\a.feoktistov\.gemini\antigravity\scratch\tg_video_bot\services\video_engine.py", line 268, in render_snippet
    output_path = config.OUTPUT_DIR / output_filename
                  ~~~~~~~~~~~~~~~~~~^~~~~~~~~~~~~~~~~
TypeError: unsupported operand type(s) for /: 'WindowsPath' and 'float'
2026-08-14 12:54:25,694 [INFO] tg_video_bot.audit: Запуск полного аудита системы и проверки компонентов...
2026-08-14 12:54:25,697 [INFO] tg_video_bot.audit: Аудит БД: ОК (Треков: 4, Футажей: 99, Инфлюенсеров: 30)
2026-08-14 12:54:25,821 [INFO] tg_video_bot.audit: Аудит субтитров: ОК (все 6 стилей срендерены)
2026-08-14 12:54:26,761 [INFO] services.chorus_extractor: [Auto-Chorus] Загрузка файла для анализа: C:\Users\a.feoktistov\.gemini\antigravity\scratch\tg_video_bot\downloads\music\snippets\segment_161_130_160.mp3
2026-08-14 12:54:28,588 [INFO] services.chorus_extractor: [Auto-Chorus] Припев найден: 12.1s - 27.1s (оценка: 0.29)
2026-08-14 12:54:28,860 [INFO] tg_video_bot.audit: Аудит припевов: ОК (найден припев 12.1-27.1s)
2026-08-14 12:54:28,861 [INFO] tg_video_bot.audit: Аудит клавиатур Telegram: ОК
2026-08-14 12:54:28,861 [INFO] tg_video_bot.audit: Аудит соединения роутеров и эндпоинтов: ОК
2026-08-14 12:54:28,861 [INFO] tg_video_bot.audit: Полный аудит завершен успешно. БАГОВ НЕ ОБНАРУЖЕНО.
2026-08-14 12:54:28,862 [INFO] tg_video_bot: Запуск системы SnipPlitAiStudio...
2026-08-14 12:54:28,862 [INFO] tg_video_bot: Бот Telegram (aiogram) запущен и готов к обработке команд.
2026-08-14 12:54:28,863 [INFO] tg_video_bot: Запуск сервера FastAPI/Uvicorn на http://localhost:8000
2026-08-14 12:54:28,876 [INFO] aiogram.dispatcher: Start polling
2026-08-14 12:54:30,046 [INFO] aiogram.dispatcher: Run polling for bot @SnipPlit_bot id=8654316556 - 'SnipPlit'
2026-08-14 13:13:58,092 [INFO] aiogram.event: Update id=234231148 is handled. Duration 1608 ms by bot id=8654316556
2026-08-14 13:14:07,521 [INFO] aiogram.event: Update id=234231149 is handled. Duration 702 ms by bot id=8654316556
2026-08-14 13:14:11,160 [INFO] aiogram.event: Update id=234231150 is handled. Duration 702 ms by bot id=8654316556
2026-08-14 13:14:14,934 [INFO] services.whisper_transcriber: [Whisper AI] Загрузка модели распознавания речи: 'small'...
2026-08-14 13:14:16,145 [INFO] httpx: HTTP Request: GET https://huggingface.co/api/models/Systran/faster-whisper-small/revision/main "HTTP/1.1 200 OK"
2026-08-14 13:14:17,116 [INFO] services.whisper_transcriber: [Whisper AI] Успешно загружена модель: 'small'
2026-08-14 13:14:17,276 [INFO] faster_whisper: Processing audio with duration 00:20.000
2026-08-14 13:14:18,652 [INFO] faster_whisper: Detected language 'en' with probability 0.87
2026-08-14 13:35:44,931 [INFO] aiogram.event: Update id=234231151 is not handled. Duration 1291531 ms by bot id=8654316556
2026-08-14 13:35:44,935 [ERROR] aiogram.event: Cause exception while process update id=234231151 by bot id=8654316556
TelegramNetworkError: HTTP Client says - Request timeout error
Traceback (most recent call last):
  File "C:\Users\a.feoktistov\.gemini\antigravity\scratch\tg_video_bot\venv\Lib\site-packages\aiohttp\client_reqrep.py", line 558, in start
    message, payload = await protocol.read()  # type: ignore[union-attr]
                       ^^^^^^^^^^^^^^^^^^^^^
  File "C:\Users\a.feoktistov\.gemini\antigravity\scratch\tg_video_bot\venv\Lib\site-packages\aiohttp\streams.py", line 705, in read
    await self._waiter
asyncio.exceptions.CancelledError

The above exception was the direct cause of the following exception:

Traceback (most recent call last):
  File "C:\Users\a.feoktistov\.gemini\antigravity\scratch\tg_video_bot\venv\Lib\site-packages\aiogram\client\session\aiohttp.py", line 167, in make_request
    async with session.post(
               ^^^^^^^^^^^^^
  File "C:\Users\a.feoktistov\.gemini\antigravity\scratch\tg_video_bot\venv\Lib\site-packages\aiohttp\client.py", line 1693, in __aenter__
    self._resp: _RetType_co = await self._coro
                              ^^^^^^^^^^^^^^^^
  File "C:\Users\a.feoktistov\.gemini\antigravity\scratch\tg_video_bot\venv\Lib\site-packages\aiohttp\client.py", line 858, in _request
    resp = await handler(req)
           ^^^^^^^^^^^^^^^^^^
  File "C:\Users\a.feoktistov\.gemini\antigravity\scratch\tg_video_bot\venv\Lib\site-packages\aiohttp\client.py", line 836, in _connect_and_send_request
    await resp.start(conn)
  File "C:\Users\a.feoktistov\.gemini\antigravity\scratch\tg_video_bot\venv\Lib\site-packages\aiohttp\client_reqrep.py", line 553, in start
    with self._timer:
         ^^^^^^^^^^^
  File "C:\Users\a.feoktistov\.gemini\antigravity\scratch\tg_video_bot\venv\Lib\site-packages\aiohttp\helpers.py", line 759, in __exit__
    raise asyncio.TimeoutError from exc_val
TimeoutError

The above exception was the direct cause of the following exception:

Traceback (most recent call last):
  File "C:\Users\a.feoktistov\.gemini\antigravity\scratch\tg_video_bot\venv\Lib\site-packages\aiogram\dispatcher\dispatcher.py", line 320, in _process_update
    response = await self.feed_update(bot, update, **kwargs)
               ^^^^^^^^^^^^^^^^^^^^^^^^^^^^^^^^^^^^^^^^^^^^^
  File "C:\Users\a.feoktistov\.gemini\antigravity\scratch\tg_video_bot\venv\Lib\site-packages\aiogram\dispatcher\dispatcher.py", line 164, in feed_update
    response = await self.update.wrap_outer_middleware(
               ^^^^^^^^^^^^^^^^^^^^^^^^^^^^^^^^^^^^^^^^
  File "C:\Users\a.feoktistov\.gemini\antigravity\scratch\tg_video_bot\venv\Lib\site-packages\aiogram\dispatcher\middlewares\error.py", line 27, in __call__
    return await handler(event, data)
           ^^^^^^^^^^^^^^^^^^^^^^^^^^
  File "C:\Users\a.feoktistov\.gemini\antigravity\scratch\tg_video_bot\venv\Lib\site-packages\aiogram\dispatcher\middlewares\user_context.py", line 58, in __call__
    return await handler(event, data)
           ^^^^^^^^^^^^^^^^^^^^^^^^^^
  File "C:\Users\a.feoktistov\.gemini\antigravity\scratch\tg_video_bot\venv\Lib\site-packages\aiogram\fsm\middleware.py", line 43, in __call__
    return await handler(event, data)
           ^^^^^^^^^^^^^^^^^^^^^^^^^^
  File "C:\Users\a.feoktistov\.gemini\antigravity\scratch\tg_video_bot\venv\Lib\site-packages\aiogram\dispatcher\event\telegram.py", line 126, in trigger
    return await wrapped_inner(event, kwargs)
           ^^^^^^^^^^^^^^^^^^^^^^^^^^^^^^^^^^
  File "C:\Users\a.feoktistov\.gemini\antigravity\scratch\tg_video_bot\venv\Lib\site-packages\aiogram\dispatcher\event\handler.py", line 71, in call
    return await wrapped()
           ^^^^^^^^^^^^^^^
  File "C:\Users\a.feoktistov\.gemini\antigravity\scratch\tg_video_bot\venv\Lib\site-packages\aiogram\dispatcher\dispatcher.py", line 283, in _listen_update
    return await self.propagate_event(update_type=update_type, event=event, **kwargs)
           ^^^^^^^^^^^^^^^^^^^^^^^^^^^^^^^^^^^^^^^^^^^^^^^^^^^^^^^^^^^^^^^^^^^^^^^^^^
  File "C:\Users\a.feoktistov\.gemini\antigravity\scratch\tg_video_bot\venv\Lib\site-packages\aiogram\dispatcher\router.py", line 167, in propagate_event
    return await observer.wrap_outer_middleware(_wrapped, event=event, data=kwargs)
           ^^^^^^^^^^^^^^^^^^^^^^^^^^^^^^^^^^^^^^^^^^^^^^^^^^^^^^^^^^^^^^^^^^^^^^^^
  File "C:\Users\a.feoktistov\.gemini\antigravity\scratch\tg_video_bot\venv\Lib\site-packages\aiogram\dispatcher\router.py", line 159, in _wrapped
    return await self._propagate_event(
           ^^^^^^^^^^^^^^^^^^^^^^^^^^^^
  File "C:\Users\a.feoktistov\.gemini\antigravity\scratch\tg_video_bot\venv\Lib\site-packages\aiogram\dispatcher\router.py", line 195, in _propagate_event
    response = await router.propagate_event(update_type=update_type, event=event, **kwargs)
               ^^^^^^^^^^^^^^^^^^^^^^^^^^^^^^^^^^^^^^^^^^^^^^^^^^^^^^^^^^^^^^^^^^^^^^^^^^^^
  File "C:\Users\a.feoktistov\.gemini\antigravity\scratch\tg_video_bot\venv\Lib\site-packages\aiogram\dispatcher\router.py", line 167, in propagate_event
    return await observer.wrap_outer_middleware(_wrapped, event=event, data=kwargs)
           ^^^^^^^^^^^^^^^^^^^^^^^^^^^^^^^^^^^^^^^^^^^^^^^^^^^^^^^^^^^^^^^^^^^^^^^^
  File "C:\Users\a.feoktistov\.gemini\antigravity\scratch\tg_video_bot\venv\Lib\site-packages\aiogram\dispatcher\router.py", line 159, in _wrapped
    return await self._propagate_event(
           ^^^^^^^^^^^^^^^^^^^^^^^^^^^^
  File "C:\Users\a.feoktistov\.gemini\antigravity\scratch\tg_video_bot\venv\Lib\site-packages\aiogram\dispatcher\router.py", line 187, in _propagate_event
    response = await observer.trigger(event, **kwargs)
               ^^^^^^^^^^^^^^^^^^^^^^^^^^^^^^^^^^^^^^^
  File "C:\Users\a.feoktistov\.gemini\antigravity\scratch\tg_video_bot\venv\Lib\site-packages\aiogram\dispatcher\event\telegram.py", line 126, in trigger
    return await wrapped_inner(event, kwargs)
           ^^^^^^^^^^^^^^^^^^^^^^^^^^^^^^^^^^
  File "C:\Users\a.feoktistov\.gemini\antigravity\scratch\tg_video_bot\venv\Lib\site-packages\aiogram\dispatcher\event\handler.py", line 71, in call
    return await wrapped()
           ^^^^^^^^^^^^^^^
  File "C:\Users\a.feoktistov\.gemini\antigravity\scratch\tg_video_bot\bot\handlers\batch_render.py", line 689, in cb_ab_test_pack
    await callback.message.answer_video(
  File "C:\Users\a.feoktistov\.gemini\antigravity\scratch\tg_video_bot\venv\Lib\site-packages\aiogram\methods\base.py", line 82, in emit
    return await bot(self)
           ^^^^^^^^^^^^^^^
  File "C:\Users\a.feoktistov\.gemini\antigravity\scratch\tg_video_bot\venv\Lib\site-packages\aiogram\client\bot.py", line 514, in __call__
    return await self.session(self, method, timeout=request_timeout)
           ^^^^^^^^^^^^^^^^^^^^^^^^^^^^^^^^^^^^^^^^^^^^^^^^^^^^^^^^^
  File "C:\Users\a.feoktistov\.gemini\antigravity\scratch\tg_video_bot\venv\Lib\site-packages\aiogram\client\session\base.py", line 259, in __call__
    return cast(TelegramType, await middleware(bot, method))
                              ^^^^^^^^^^^^^^^^^^^^^^^^^^^^^
  File "C:\Users\a.feoktistov\.gemini\antigravity\scratch\tg_video_bot\venv\Lib\site-packages\aiogram\client\session\aiohttp.py", line 174, in make_request
    raise TelegramNetworkError(method=method, message="Request timeout error") from e
aiogram.exceptions.TelegramNetworkError: HTTP Client says - Request timeout error
2026-08-14 13:40:50,910 [INFO] tg_video_bot.audit: Запуск полного аудита системы и проверки компонентов...
2026-08-14 13:40:50,915 [INFO] tg_video_bot.audit: Аудит БД: ОК (Треков: 5, Футажей: 99, Инфлюенсеров: 30)
2026-08-14 13:40:51,080 [INFO] tg_video_bot.audit: Аудит субтитров: ОК (все 6 стилей срендерены)
2026-08-14 13:40:52,602 [INFO] services.chorus_extractor: [Auto-Chorus] Загрузка файла для анализа: C:\Users\a.feoktistov\.gemini\antigravity\scratch\tg_video_bot\downloads\music\snippets\segment_161_130_160.mp3
2026-08-14 13:40:56,279 [INFO] services.chorus_extractor: [Auto-Chorus] Припев найден: 12.1s - 27.1s (оценка: 0.29)
2026-08-14 13:40:56,978 [INFO] tg_video_bot.audit: Аудит припевов: ОК (найден припев 12.1-27.1s)
2026-08-14 13:40:56,979 [INFO] tg_video_bot.audit: Аудит клавиатур Telegram: ОК
2026-08-14 13:40:56,979 [INFO] tg_video_bot.audit: Аудит соединения роутеров и эндпоинтов: ОК
2026-08-14 13:40:56,980 [INFO] tg_video_bot.audit: Полный аудит завершен успешно. БАГОВ НЕ ОБНАРУЖЕНО.
2026-08-14 13:40:56,981 [INFO] tg_video_bot: Запуск системы SnipPlitAiStudio...
2026-08-14 13:40:56,981 [INFO] tg_video_bot: Бот Telegram (aiogram) запущен и готов к обработке команд.
2026-08-14 13:40:56,982 [INFO] tg_video_bot: Запуск сервера FastAPI/Uvicorn на http://localhost:8000
2026-08-14 13:40:57,044 [INFO] aiogram.dispatcher: Start polling
2026-08-14 13:40:58,223 [INFO] aiogram.dispatcher: Run polling for bot @SnipPlit_bot id=8654316556 - 'SnipPlit'
2026-08-14 14:29:36,522 [INFO] aiogram.event: Update id=234231152 is handled. Duration 1405 ms by bot id=8654316556
2026-08-14 14:29:39,099 [INFO] aiogram.event: Update id=234231153 is handled. Duration 750 ms by bot id=8654316556
2026-08-14 16:23:51,847 [INFO] tg_video_bot.audit: Запуск полного аудита системы и проверки компонентов...
2026-08-14 16:23:51,849 [INFO] tg_video_bot.audit: Аудит БД: ОК (Треков: 5, Футажей: 99, Инфлюенсеров: 30)
2026-08-14 16:23:51,925 [INFO] tg_video_bot.audit: Аудит субтитров: ОК (все 6 стилей срендерены)
2026-08-14 16:23:52,523 [INFO] services.chorus_extractor: [Auto-Chorus] Загрузка файла для анализа: C:\Users\a.feoktistov\.gemini\antigravity\scratch\tg_video_bot\downloads\music\snippets\segment_161_130_160.mp3
2026-08-14 16:23:54,113 [INFO] services.chorus_extractor: [Auto-Chorus] Припев найден: 12.1s - 27.1s (оценка: 0.29)
2026-08-14 16:23:54,352 [INFO] tg_video_bot.audit: Аудит припевов: ОК (найден припев 12.1-27.1s)
2026-08-14 16:23:54,353 [INFO] tg_video_bot.audit: Аудит клавиатур Telegram: ОК
2026-08-14 16:23:54,353 [INFO] tg_video_bot.audit: Аудит соединения роутеров и эндпоинтов: ОК
2026-08-14 16:23:54,353 [INFO] tg_video_bot.audit: Полный аудит завершен успешно. БАГОВ НЕ ОБНАРУЖЕНО.
2026-08-14 16:23:54,353 [INFO] tg_video_bot: Запуск системы SnipPlitAiStudio...
2026-08-14 16:23:54,354 [INFO] tg_video_bot: Бот Telegram (aiogram) запущен и готов к обработке команд.
2026-08-14 16:23:54,355 [INFO] tg_video_bot: Запуск сервера FastAPI/Uvicorn на http://localhost:8000
2026-08-14 16:23:54,366 [INFO] aiogram.dispatcher: Start polling
2026-08-14 16:23:55,542 [INFO] aiogram.dispatcher: Run polling for bot @SnipPlit_bot id=8654316556 - 'SnipPlit'
2026-08-17 10:48:45,271 [INFO] tg_video_bot.audit: Запуск полного аудита системы и проверки компонентов...
2026-08-17 10:48:45,275 [INFO] tg_video_bot.audit: Аудит БД: ОК (Треков: 5, Футажей: 99, Инфлюенсеров: 30)
2026-08-17 10:48:45,418 [INFO] tg_video_bot.audit: Аудит субтитров: ОК (все 6 стилей срендерены)
2026-08-17 10:48:46,715 [INFO] services.chorus_extractor: [Auto-Chorus] Загрузка файла для анализа: C:\Users\a.feoktistov\.gemini\antigravity\scratch\tg_video_bot\downloads\music\snippets\segment_161_130_160.mp3
2026-08-17 10:48:50,489 [INFO] services.chorus_extractor: [Auto-Chorus] Припев найден: 12.1s - 27.1s (оценка: 0.29)
2026-08-17 10:48:51,150 [INFO] tg_video_bot.audit: Аудит припевов: ОК (найден припев 12.1-27.1s)
2026-08-17 10:48:51,161 [INFO] tg_video_bot.audit: Аудит клавиатур Telegram: ОК
2026-08-17 10:48:51,162 [INFO] tg_video_bot.audit: Аудит соединения роутеров и эндпоинтов: ОК
2026-08-17 10:48:51,162 [INFO] tg_video_bot.audit: Полный аудит завершен успешно. БАГОВ НЕ ОБНАРУЖЕНО.
2026-08-17 10:48:51,163 [INFO] tg_video_bot: Запуск системы SnipPlitAiStudio...
2026-08-17 10:48:51,163 [INFO] tg_video_bot: Бот Telegram (aiogram) запущен и готов к обработке команд.
2026-08-17 10:48:51,164 [INFO] tg_video_bot: Запуск сервера FastAPI/Uvicorn на http://localhost:8000
2026-08-17 10:48:51,198 [INFO] aiogram.dispatcher: Start polling
2026-08-17 10:48:52,478 [INFO] aiogram.dispatcher: Run polling for bot @SnipPlit_bot id=8654316556 - 'SnipPlit'
2026-08-17 10:51:58,570 [INFO] aiogram.event: Update id=234231154 is handled. Duration 1438 ms by bot id=8654316556
2026-08-17 10:52:10,370 [INFO] aiogram.event: Update id=234231155 is handled. Duration 3780 ms by bot id=8654316556
2026-08-17 10:52:21,173 [INFO] aiogram.event: Update id=234231156 is handled. Duration 766 ms by bot id=8654316556
2026-08-17 10:52:26,722 [INFO] aiogram.event: Update id=234231157 is handled. Duration 703 ms by bot id=8654316556
2026-08-17 10:52:30,424 [INFO] aiogram.event: Update id=234231158 is handled. Duration 733 ms by bot id=8654316556
2026-08-17 10:52:33,535 [INFO] aiogram.event: Update id=234231159 is handled. Duration 765 ms by bot id=8654316556
2026-08-17 10:52:37,406 [INFO] services.whisper_transcriber: [Whisper AI] Загрузка модели распознавания речи: 'small'...
2026-08-17 10:52:38,534 [INFO] httpx: HTTP Request: GET https://huggingface.co/api/agent-harnesses "HTTP/1.1 200 OK"
2026-08-17 10:52:38,807 [INFO] httpx: HTTP Request: GET https://huggingface.co/api/models/Systran/faster-whisper-small/revision/main "HTTP/1.1 200 OK"
2026-08-17 10:52:39,686 [INFO] services.whisper_transcriber: [Whisper AI] Успешно загружена модель: 'small'
2026-08-17 10:52:39,837 [INFO] faster_whisper: Processing audio with duration 00:30.000
2026-08-17 10:52:41,384 [INFO] faster_whisper: Detected language 'en' with probability 0.94
2026-08-17 11:08:57,870 [INFO] aiogram.event: Update id=234231160 is handled. Duration 982702 ms by bot id=8654316556
2026-08-17 11:10:18,655 [INFO] aiogram.event: Update id=234231161 is handled. Duration 734 ms by bot id=8654316556
2026-08-17 11:10:23,708 [INFO] aiogram.event: Update id=234231162 is handled. Duration 750 ms by bot id=8654316556
2026-08-17 11:10:27,617 [INFO] aiogram.event: Update id=234231163 is handled. Duration 733 ms by bot id=8654316556
2026-08-17 11:10:44,122 [INFO] aiogram.event: Update id=234231164 is handled. Duration 842 ms by bot id=8654316556
2026-08-17 11:10:47,256 [INFO] aiogram.event: Update id=234231165 is handled. Duration 766 ms by bot id=8654316556
2026-08-17 11:10:50,451 [INFO] aiogram.event: Update id=234231166 is handled. Duration 734 ms by bot id=8654316556
2026-08-17 11:10:55,654 [INFO] aiogram.event: Update id=234231167 is handled. Duration 782 ms by bot id=8654316556
2026-08-17 11:10:59,170 [INFO] aiogram.event: Update id=234231168 is handled. Duration 1140 ms by bot id=8654316556
2026-08-17 11:11:08,921 [INFO] aiogram.event: Update id=234231169 is handled. Duration 750 ms by bot id=8654316556
2026-08-17 11:11:13,422 [INFO] aiogram.event: Update id=234231170 is handled. Duration 702 ms by bot id=8654316556
2026-08-17 11:11:15,319 [INFO] aiogram.event: Update id=234231171 is handled. Duration 734 ms by bot id=8654316556
2026-08-17 11:11:17,135 [INFO] aiogram.event: Update id=234231172 is handled. Duration 702 ms by bot id=8654316556
2026-08-17 11:11:22,130 [INFO] faster_whisper: Processing audio with duration 00:24.000
2026-08-17 11:11:24,792 [INFO] faster_whisper: Detected language 'en' with probability 0.90
2026-08-17 11:32:08,785 [INFO] aiogram.event: Update id=234231173 is handled. Duration 1250483 ms by bot id=8654316556
2026-08-17 11:34:20,462 [ERROR] aiogram.dispatcher: Failed to fetch updates - TelegramNetworkError: HTTP Client says - ClientOSError: [WinError 1236] Подключение к сети было разорвано локальной системой
2026-08-17 11:34:20,463 [WARNING] aiogram.dispatcher: Sleep for 1.000000 seconds and try again... (tryings = 0, bot id = 8654316556)
2026-08-17 11:34:31,575 [INFO] aiogram.dispatcher: Connection established (tryings = 1, bot id = 8654316556)
2026-08-17 11:34:31,577 [ERROR] aiogram.dispatcher: Failed to fetch updates - TelegramNetworkError: HTTP Client says - ClientOSError: [WinError 1236] Подключение к сети было разорвано локальной системой
2026-08-17 11:34:31,578 [WARNING] aiogram.dispatcher: Sleep for 1.000000 seconds and try again... (tryings = 0, bot id = 8654316556)
2026-08-17 11:34:43,385 [INFO] aiogram.dispatcher: Connection established (tryings = 1, bot id = 8654316556)
2026-08-17 11:44:50,493 [INFO] aiogram.event: Update id=234231174 is handled. Duration 1108 ms by bot id=8654316556
2026-08-17 11:44:51,953 [INFO] aiogram.event: Update id=234231175 is handled. Duration 625 ms by bot id=8654316556
2026-08-17 11:44:55,356 [INFO] aiogram.event: Update id=234231176 is handled. Duration 563 ms by bot id=8654316556
2026-08-17 11:44:58,046 [INFO] aiogram.event: Update id=234231177 is handled. Duration 686 ms by bot id=8654316556
2026-08-17 11:45:01,630 [INFO] aiogram.event: Update id=234231178 is handled. Duration 577 ms by bot id=8654316556
2026-08-17 11:45:08,657 [INFO] aiogram.event: Update id=234231179 is handled. Duration 656 ms by bot id=8654316556
2026-08-17 11:45:11,622 [INFO] aiogram.event: Update id=234231180 is handled. Duration 592 ms by bot id=8654316556
2026-08-17 11:45:15,470 [INFO] aiogram.event: Update id=234231181 is handled. Duration 2438 ms by bot id=8654316556
2026-08-17 11:45:17,422 [INFO] aiogram.event: Update id=234231182 is handled. Duration 641 ms by bot id=8654316556
2026-08-17 11:45:20,048 [INFO] aiogram.event: Update id=234231183 is handled. Duration 625 ms by bot id=8654316556
2026-08-17 11:45:22,023 [INFO] aiogram.event: Update id=234231184 is handled. Duration 641 ms by bot id=8654316556
2026-08-17 11:45:27,554 [INFO] aiogram.event: Update id=234231185 is handled. Duration 593 ms by bot id=8654316556
2026-08-17 12:06:01,178 [INFO] aiogram.event: Update id=234231186 is handled. Duration 1232375 ms by bot id=8654316556
2026-08-17 12:39:01,855 [INFO] aiogram.event: Update id=234231187 is handled. Duration 1281 ms by bot id=8654316556
2026-08-17 12:39:03,289 [INFO] aiogram.event: Update id=234231188 is handled. Duration 656 ms by bot id=8654316556
2026-08-17 12:39:05,810 [INFO] aiogram.event: Update id=234231189 is handled. Duration 625 ms by bot id=8654316556
2026-08-17 12:39:08,628 [INFO] aiogram.event: Update id=234231190 is handled. Duration 625 ms by bot id=8654316556
2026-08-17 12:39:11,481 [INFO] aiogram.event: Update id=234231191 is handled. Duration 610 ms by bot id=8654316556
2026-08-17 12:39:19,351 [INFO] aiogram.event: Update id=234231192 is handled. Duration 625 ms by bot id=8654316556
2026-08-17 12:39:32,925 [INFO] aiogram.event: Update id=234231193 is handled. Duration 891 ms by bot id=8654316556
2026-08-17 12:39:37,988 [INFO] aiogram.event: Update id=234231194 is handled. Duration 889 ms by bot id=8654316556
2026-08-17 14:23:41,174 [INFO] aiogram.event: Update id=234231195 is handled. Duration 6240188 ms by bot id=8654316556
2026-08-17 18:24:48,037 [ERROR] aiogram.dispatcher: Failed to fetch updates - TelegramNetworkError: HTTP Client says - ClientConnectorDNSError: Cannot connect to host api.telegram.org:443 ssl:default [getaddrinfo failed]
2026-08-17 18:24:48,039 [WARNING] aiogram.dispatcher: Sleep for 1.000000 seconds and try again... (tryings = 0, bot id = 8654316556)
2026-08-17 18:24:59,965 [INFO] aiogram.dispatcher: Connection established (tryings = 1, bot id = 8654316556)
2026-08-27 12:23:48,037 [INFO] services.whisper_transcriber: [Whisper AI] Загрузка модели распознавания речи: 'small'...
2026-08-27 12:23:49,270 [INFO] httpx: HTTP Request: GET https://huggingface.co/api/agent-harnesses "HTTP/1.1 429 Too Many Requests"
2026-08-27 12:23:49,485 [INFO] httpx: HTTP Request: GET https://huggingface.co/api/models/Systran/faster-whisper-small/revision/main "HTTP/1.1 429 Too Many Requests"
2026-08-27 12:23:50,473 [INFO] services.whisper_transcriber: [Whisper AI] Успешно загружена модель: 'small'
2026-08-27 12:23:50,616 [INFO] faster_whisper: Processing audio with duration 00:27.000
2026-08-27 12:23:52,227 [INFO] faster_whisper: Detected language 'en' with probability 0.48
2026-08-27 12:24:02,003 [INFO] services.whisper_transcriber: [Whisper AI] LRC match ratio too low (3/16). Falling back to direct Whisper speech recognition.
2026-08-27 12:50:29,590 [INFO] faster_whisper: Processing audio with duration 00:15.000
2026-08-27 12:50:31,146 [INFO] faster_whisper: Detected language 'en' with probability 0.46
2026-08-27 12:50:32,946 [INFO] services.whisper_transcriber: [Whisper AI] LRC match ratio too low (0/16). Falling back to direct Whisper speech recognition.
2026-08-27 12:50:43,242 [INFO] faster_whisper: Processing audio with duration 00:15.000
2026-08-27 12:50:44,872 [INFO] faster_whisper: Detected language 'en' with probability 0.86
2026-08-27 13:15:27,094 [INFO] faster_whisper: Processing audio with duration 00:15.000
2026-08-27 13:15:28,279 [INFO] faster_whisper: Detected language 'en' with probability 0.45
2026-08-28 10:34:05,372 [INFO] tg_video_bot.audit: Запуск полного аудита системы и проверки компонентов...
2026-08-28 10:34:05,376 [INFO] tg_video_bot.audit: Аудит БД: ОК (Треков: 5, Футажей: 99, Инфлюенсеров: 30)
2026-08-28 10:34:05,485 [INFO] tg_video_bot.audit: Аудит субтитров: ОК (все 6 стилей срендерены)
2026-08-28 10:34:10,841 [INFO] services.chorus_extractor: [Auto-Chorus] Загрузка файла для анализа: C:\Users\a.feoktistov\.gemini\antigravity\scratch\tg_video_bot\downloads\music\snippets\segment_161_130_160.mp3
2026-08-28 10:34:15,413 [INFO] services.chorus_extractor: [Auto-Chorus] Припев найден: 12.1s - 27.1s (оценка: 0.29)
2026-08-28 10:34:15,646 [INFO] tg_video_bot.audit: Аудит припевов: ОК (найден припев 12.1-27.1s)
2026-08-28 10:34:15,646 [INFO] tg_video_bot.audit: Аудит клавиатур Telegram: ОК
2026-08-28 10:34:15,646 [INFO] tg_video_bot.audit: Аудит соединения роутеров и эндпоинтов: ОК
2026-08-28 10:34:15,646 [INFO] tg_video_bot.audit: Полный аудит завершен успешно. БАГОВ НЕ ОБНАРУЖЕНО.
2026-08-28 10:34:15,647 [INFO] tg_video_bot: Запуск системы SnipPlitAiStudio...
2026-08-28 10:34:15,648 [INFO] tg_video_bot: Бот Telegram (aiogram) запущен и готов к обработке команд.
2026-08-28 10:34:15,648 [INFO] tg_video_bot: Запуск сервера FastAPI/Uvicorn на http://localhost:8000
2026-08-28 10:34:15,670 [INFO] aiogram.dispatcher: Start polling
2026-08-28 10:34:16,268 [INFO] aiogram.dispatcher: Run polling for bot @SnipPlit_bot id=8654316556 - 'Plitty 🐾 | SnipPlit'
2026-08-28 10:34:16,471 [INFO] aiogram.event: Update id=234231328 is not handled. Duration 0 ms by bot id=8654316556
2026-08-28 10:34:18,854 [ERROR] aiogram.dispatcher: Failed to fetch updates - TelegramConflictError: Telegram server says - Conflict: terminated by other getUpdates request; make sure that only one bot instance is running
2026-08-28 10:34:18,855 [WARNING] aiogram.dispatcher: Sleep for 1.000000 seconds and try again... (tryings = 0, bot id = 8654316556)
2026-08-28 10:34:29,649 [ERROR] aiogram.dispatcher: Failed to fetch updates - TelegramConflictError: Telegram server says - Conflict: terminated by other getUpdates request; make sure that only one bot instance is running
2026-08-28 10:34:29,650 [WARNING] aiogram.dispatcher: Sleep for 1.200151 seconds and try again... (tryings = 1, bot id = 8654316556)
2026-08-28 10:34:40,644 [ERROR] aiogram.dispatcher: Failed to fetch updates - TelegramConflictError: Telegram server says - Conflict: terminated by other getUpdates request; make sure that only one bot instance is running
2026-08-28 10:34:40,645 [WARNING] aiogram.dispatcher: Sleep for 1.651913 seconds and try again... (tryings = 2, bot id = 8654316556)
2026-08-28 10:34:52,091 [ERROR] aiogram.dispatcher: Failed to fetch updates - TelegramConflictError: Telegram server says - Conflict: terminated by other getUpdates request; make sure that only one bot instance is running
2026-08-28 10:34:52,092 [WARNING] aiogram.dispatcher: Sleep for 2.062036 seconds and try again... (tryings = 3, bot id = 8654316556)
2026-08-28 10:35:03,917 [ERROR] aiogram.dispatcher: Failed to fetch updates - TelegramConflictError: Telegram server says - Conflict: terminated by other getUpdates request; make sure that only one bot instance is running
2026-08-28 10:35:03,917 [WARNING] aiogram.dispatcher: Sleep for 2.648630 seconds and try again... (tryings = 4, bot id = 8654316556)
2026-08-28 10:35:16,347 [ERROR] aiogram.dispatcher: Failed to fetch updates - TelegramConflictError: Telegram server says - Conflict: terminated by other getUpdates request; make sure that only one bot instance is running
2026-08-28 10:35:16,347 [WARNING] aiogram.dispatcher: Sleep for 3.321496 seconds and try again... (tryings = 5, bot id = 8654316556)
2026-08-28 10:35:26,465 [ERROR] aiogram.dispatcher: Failed to fetch updates - TelegramConflictError: Telegram server says - Conflict: terminated by other getUpdates request; make sure that only one bot instance is running
2026-08-28 10:35:26,466 [WARNING] aiogram.dispatcher: Sleep for 4.273384 seconds and try again... (tryings = 6, bot id = 8654316556)
2026-08-28 10:35:37,542 [ERROR] aiogram.dispatcher: Failed to fetch updates - TelegramConflictError: Telegram server says - Conflict: terminated by other getUpdates request; make sure that only one bot instance is running
2026-08-28 10:35:37,542 [WARNING] aiogram.dispatcher: Sleep for 5.023408 seconds and try again... (tryings = 7, bot id = 8654316556)
2026-08-28 10:35:49,375 [ERROR] aiogram.dispatcher: Failed to fetch updates - TelegramConflictError: Telegram server says - Conflict: terminated by other getUpdates request; make sure that only one bot instance is running
2026-08-28 10:35:49,376 [WARNING] aiogram.dispatcher: Sleep for 5.068895 seconds and try again... (tryings = 8, bot id = 8654316556)
2026-08-28 10:36:01,258 [ERROR] aiogram.dispatcher: Failed to fetch updates - TelegramConflictError: Telegram server says - Conflict: terminated by other getUpdates request; make sure that only one bot instance is running
2026-08-28 10:36:01,258 [WARNING] aiogram.dispatcher: Sleep for 5.179729 seconds and try again... (tryings = 9, bot id = 8654316556)
2026-08-28 10:36:13,232 [ERROR] aiogram.dispatcher: Failed to fetch updates - TelegramConflictError: Telegram server says - Conflict: terminated by other getUpdates request; make sure that only one bot instance is running
2026-08-28 10:36:13,233 [WARNING] aiogram.dispatcher: Sleep for 4.996163 seconds and try again... (tryings = 10, bot id = 8654316556)
2026-08-28 10:36:25,024 [ERROR] aiogram.dispatcher: Failed to fetch updates - TelegramConflictError: Telegram server says - Conflict: terminated by other getUpdates request; make sure that only one bot instance is running
2026-08-28 10:36:25,025 [WARNING] aiogram.dispatcher: Sleep for 5.088591 seconds and try again... (tryings = 11, bot id = 8654316556)
2026-08-28 10:36:36,888 [ERROR] aiogram.dispatcher: Failed to fetch updates - TelegramConflictError: Telegram server says - Conflict: terminated by other getUpdates request; make sure that only one bot instance is running
2026-08-28 10:36:36,889 [WARNING] aiogram.dispatcher: Sleep for 5.026036 seconds and try again... (tryings = 12, bot id = 8654316556)
2026-08-28 10:36:48,705 [ERROR] aiogram.dispatcher: Failed to fetch updates - TelegramConflictError: Telegram server says - Conflict: terminated by other getUpdates request; make sure that only one bot instance is running
2026-08-28 10:36:48,706 [WARNING] aiogram.dispatcher: Sleep for 5.184031 seconds and try again... (tryings = 13, bot id = 8654316556)
2026-08-28 10:37:00,835 [ERROR] aiogram.dispatcher: Failed to fetch updates - TelegramConflictError: Telegram server says - Conflict: terminated by other getUpdates request; make sure that only one bot instance is running
2026-08-28 10:37:00,835 [WARNING] aiogram.dispatcher: Sleep for 5.120013 seconds and try again... (tryings = 14, bot id = 8654316556)
2026-08-28 10:37:12,748 [ERROR] aiogram.dispatcher: Failed to fetch updates - TelegramConflictError: Telegram server says - Conflict: terminated by other getUpdates request; make sure that only one bot instance is running
2026-08-28 10:37:12,749 [WARNING] aiogram.dispatcher: Sleep for 4.937481 seconds and try again... (tryings = 15, bot id = 8654316556)
2026-08-28 10:37:24,489 [ERROR] aiogram.dispatcher: Failed to fetch updates - TelegramConflictError: Telegram server says - Conflict: terminated by other getUpdates request; make sure that only one bot instance is running
2026-08-28 10:37:24,490 [WARNING] aiogram.dispatcher: Sleep for 5.160918 seconds and try again... (tryings = 16, bot id = 8654316556)
2026-08-28 10:37:36,462 [ERROR] aiogram.dispatcher: Failed to fetch updates - TelegramConflictError: Telegram server says - Conflict: terminated by other getUpdates request; make sure that only one bot instance is running
2026-08-28 10:37:36,462 [WARNING] aiogram.dispatcher: Sleep for 4.948675 seconds and try again... (tryings = 17, bot id = 8654316556)
2026-08-28 10:37:48,213 [ERROR] aiogram.dispatcher: Failed to fetch updates - TelegramConflictError: Telegram server says - Conflict: terminated by other getUpdates request; make sure that only one bot instance is running
2026-08-28 10:37:48,213 [WARNING] aiogram.dispatcher: Sleep for 5.076486 seconds and try again... (tryings = 18, bot id = 8654316556)
2026-08-28 10:38:00,081 [ERROR] aiogram.dispatcher: Failed to fetch updates - TelegramConflictError: Telegram server says - Conflict: terminated by other getUpdates request; make sure that only one bot instance is running
2026-08-28 10:38:00,082 [WARNING] aiogram.dispatcher: Sleep for 5.212657 seconds and try again... (tryings = 19, bot id = 8654316556)
2026-08-28 10:38:12,103 [ERROR] aiogram.dispatcher: Failed to fetch updates - TelegramConflictError: Telegram server says - Conflict: terminated by other getUpdates request; make sure that only one bot instance is running
2026-08-28 10:38:12,104 [WARNING] aiogram.dispatcher: Sleep for 5.151805 seconds and try again... (tryings = 20, bot id = 8654316556)
2026-08-28 10:38:24,051 [ERROR] aiogram.dispatcher: Failed to fetch updates - TelegramConflictError: Telegram server says - Conflict: terminated by other getUpdates request; make sure that only one bot instance is running
2026-08-28 10:38:24,052 [WARNING] aiogram.dispatcher: Sleep for 4.867525 seconds and try again... (tryings = 21, bot id = 8654316556)
2026-08-28 10:38:35,736 [ERROR] aiogram.dispatcher: Failed to fetch updates - TelegramConflictError: Telegram server says - Conflict: terminated by other getUpdates request; make sure that only one bot instance is running
2026-08-28 10:38:35,736 [WARNING] aiogram.dispatcher: Sleep for 5.137741 seconds and try again... (tryings = 22, bot id = 8654316556)
2026-08-28 10:38:47,666 [ERROR] aiogram.dispatcher: Failed to fetch updates - TelegramConflictError: Telegram server says - Conflict: terminated by other getUpdates request; make sure that only one bot instance is running
2026-08-28 10:38:47,667 [WARNING] aiogram.dispatcher: Sleep for 4.965869 seconds and try again... (tryings = 23, bot id = 8654316556)
2026-08-28 10:38:59,429 [ERROR] aiogram.dispatcher: Failed to fetch updates - TelegramConflictError: Telegram server says - Conflict: terminated by other getUpdates request; make sure that only one bot instance is running
2026-08-28 10:38:59,429 [WARNING] aiogram.dispatcher: Sleep for 4.906745 seconds and try again... (tryings = 24, bot id = 8654316556)
2026-08-28 10:39:11,150 [ERROR] aiogram.dispatcher: Failed to fetch updates - TelegramConflictError: Telegram server says - Conflict: terminated by other getUpdates request; make sure that only one bot instance is running
2026-08-28 10:39:11,151 [WARNING] aiogram.dispatcher: Sleep for 5.054289 seconds and try again... (tryings = 25, bot id = 8654316556)
2026-08-28 10:39:22,991 [ERROR] aiogram.dispatcher: Failed to fetch updates - TelegramConflictError: Telegram server says - Conflict: terminated by other getUpdates request; make sure that only one bot instance is running
2026-08-28 10:39:22,992 [WARNING] aiogram.dispatcher: Sleep for 4.938779 seconds and try again... (tryings = 26, bot id = 8654316556)
2026-08-28 10:39:34,751 [ERROR] aiogram.dispatcher: Failed to fetch updates - TelegramConflictError: Telegram server says - Conflict: terminated by other getUpdates request; make sure that only one bot instance is running
2026-08-28 10:39:34,751 [WARNING] aiogram.dispatcher: Sleep for 5.006459 seconds and try again... (tryings = 27, bot id = 8654316556)
2026-08-28 10:39:46,563 [ERROR] aiogram.dispatcher: Failed to fetch updates - TelegramConflictError: Telegram server says - Conflict: terminated by other getUpdates request; make sure that only one bot instance is running
2026-08-28 10:39:46,563 [WARNING] aiogram.dispatcher: Sleep for 5.032227 seconds and try again... (tryings = 28, bot id = 8654316556)
2026-08-28 10:39:58,392 [ERROR] aiogram.dispatcher: Failed to fetch updates - TelegramConflictError: Telegram server says - Conflict: terminated by other getUpdates request; make sure that only one bot instance is running
2026-08-28 10:39:58,392 [WARNING] aiogram.dispatcher: Sleep for 4.940489 seconds and try again... (tryings = 29, bot id = 8654316556)
2026-08-28 10:40:10,151 [ERROR] aiogram.dispatcher: Failed to fetch updates - TelegramConflictError: Telegram server says - Conflict: terminated by other getUpdates request; make sure that only one bot instance is running
2026-08-28 10:40:10,151 [WARNING] aiogram.dispatcher: Sleep for 5.127094 seconds and try again... (tryings = 30, bot id = 8654316556)
2026-08-28 10:40:22,113 [ERROR] aiogram.dispatcher: Failed to fetch updates - TelegramConflictError: Telegram server says - Conflict: terminated by other getUpdates request; make sure that only one bot instance is running
2026-08-28 10:40:22,114 [WARNING] aiogram.dispatcher: Sleep for 4.921351 seconds and try again... (tryings = 31, bot id = 8654316556)
2026-08-28 10:40:33,830 [ERROR] aiogram.dispatcher: Failed to fetch updates - TelegramConflictError: Telegram server says - Conflict: terminated by other getUpdates request; make sure that only one bot instance is running
2026-08-28 10:40:33,831 [WARNING] aiogram.dispatcher: Sleep for 4.928781 seconds and try again... (tryings = 32, bot id = 8654316556)
2026-08-28 10:40:45,572 [ERROR] aiogram.dispatcher: Failed to fetch updates - TelegramConflictError: Telegram server says - Conflict: terminated by other getUpdates request; make sure that only one bot instance is running
2026-08-28 10:40:45,572 [WARNING] aiogram.dispatcher: Sleep for 5.024818 seconds and try again... (tryings = 33, bot id = 8654316556)
2026-08-28 10:40:57,390 [ERROR] aiogram.dispatcher: Failed to fetch updates - TelegramConflictError: Telegram server says - Conflict: terminated by other getUpdates request; make sure that only one bot instance is running
2026-08-28 10:40:57,390 [WARNING] aiogram.dispatcher: Sleep for 4.923101 seconds and try again... (tryings = 34, bot id = 8654316556)
2026-08-28 10:41:09,133 [ERROR] aiogram.dispatcher: Failed to fetch updates - TelegramConflictError: Telegram server says - Conflict: terminated by other getUpdates request; make sure that only one bot instance is running
2026-08-28 10:41:09,133 [WARNING] aiogram.dispatcher: Sleep for 4.824211 seconds and try again... (tryings = 35, bot id = 8654316556)
2026-08-28 10:41:20,750 [ERROR] aiogram.dispatcher: Failed to fetch updates - TelegramConflictError: Telegram server says - Conflict: terminated by other getUpdates request; make sure that only one bot instance is running
2026-08-28 10:41:20,751 [WARNING] aiogram.dispatcher: Sleep for 5.112847 seconds and try again... (tryings = 36, bot id = 8654316556)
2026-08-28 10:41:32,676 [ERROR] aiogram.dispatcher: Failed to fetch updates - TelegramConflictError: Telegram server says - Conflict: terminated by other getUpdates request; make sure that only one bot instance is running
2026-08-28 10:41:32,677 [WARNING] aiogram.dispatcher: Sleep for 4.929566 seconds and try again... (tryings = 37, bot id = 8654316556)
2026-08-28 10:41:44,402 [ERROR] aiogram.dispatcher: Failed to fetch updates - TelegramConflictError: Telegram server says - Conflict: terminated by other getUpdates request; make sure that only one bot instance is running
2026-08-28 10:41:44,402 [WARNING] aiogram.dispatcher: Sleep for 4.976109 seconds and try again... (tryings = 38, bot id = 8654316556)
2026-08-28 10:41:56,173 [ERROR] aiogram.dispatcher: Failed to fetch updates - TelegramConflictError: Telegram server says - Conflict: terminated by other getUpdates request; make sure that only one bot instance is running
2026-08-28 10:41:56,173 [WARNING] aiogram.dispatcher: Sleep for 4.976186 seconds and try again... (tryings = 39, bot id = 8654316556)
2026-08-28 10:42:08,111 [ERROR] aiogram.dispatcher: Failed to fetch updates - TelegramConflictError: Telegram server says - Conflict: terminated by other getUpdates request; make sure that only one bot instance is running
2026-08-28 10:42:08,111 [WARNING] aiogram.dispatcher: Sleep for 4.984739 seconds and try again... (tryings = 40, bot id = 8654316556)
2026-08-28 10:42:19,903 [ERROR] aiogram.dispatcher: Failed to fetch updates - TelegramConflictError: Telegram server says - Conflict: terminated by other getUpdates request; make sure that only one bot instance is running
2026-08-28 10:42:19,903 [WARNING] aiogram.dispatcher: Sleep for 4.999159 seconds and try again... (tryings = 41, bot id = 8654316556)
2026-08-28 10:42:31,698 [ERROR] aiogram.dispatcher: Failed to fetch updates - TelegramConflictError: Telegram server says - Conflict: terminated by other getUpdates request; make sure that only one bot instance is running
2026-08-28 10:42:31,698 [WARNING] aiogram.dispatcher: Sleep for 5.144535 seconds and try again... (tryings = 42, bot id = 8654316556)
2026-08-28 10:42:43,636 [ERROR] aiogram.dispatcher: Failed to fetch updates - TelegramConflictError: Telegram server says - Conflict: terminated by other getUpdates request; make sure that only one bot instance is running
2026-08-28 10:42:43,637 [WARNING] aiogram.dispatcher: Sleep for 4.962846 seconds and try again... (tryings = 43, bot id = 8654316556)
2026-08-28 10:42:55,399 [ERROR] aiogram.dispatcher: Failed to fetch updates - TelegramConflictError: Telegram server says - Conflict: terminated by other getUpdates request; make sure that only one bot instance is running
2026-08-28 10:42:55,399 [WARNING] aiogram.dispatcher: Sleep for 4.915512 seconds and try again... (tryings = 44, bot id = 8654316556)
2026-08-28 10:43:07,142 [ERROR] aiogram.dispatcher: Failed to fetch updates - TelegramConflictError: Telegram server says - Conflict: terminated by other getUpdates request; make sure that only one bot instance is running
2026-08-28 10:43:07,142 [WARNING] aiogram.dispatcher: Sleep for 5.044895 seconds and try again... (tryings = 45, bot id = 8654316556)
2026-08-28 10:43:18,992 [ERROR] aiogram.dispatcher: Failed to fetch updates - TelegramConflictError: Telegram server says - Conflict: terminated by other getUpdates request; make sure that only one bot instance is running
2026-08-28 10:43:18,992 [WARNING] aiogram.dispatcher: Sleep for 4.681824 seconds and try again... (tryings = 46, bot id = 8654316556)
2026-08-28 10:43:30,488 [ERROR] aiogram.dispatcher: Failed to fetch updates - TelegramConflictError: Telegram server says - Conflict: terminated by other getUpdates request; make sure that only one bot instance is running
2026-08-28 10:43:30,488 [WARNING] aiogram.dispatcher: Sleep for 4.974842 seconds and try again... (tryings = 47, bot id = 8654316556)
2026-08-28 10:43:42,272 [ERROR] aiogram.dispatcher: Failed to fetch updates - TelegramConflictError: Telegram server says - Conflict: terminated by other getUpdates request; make sure that only one bot instance is running
2026-08-28 10:43:42,272 [WARNING] aiogram.dispatcher: Sleep for 5.092817 seconds and try again... (tryings = 48, bot id = 8654316556)
2026-08-28 10:43:54,165 [ERROR] aiogram.dispatcher: Failed to fetch updates - TelegramConflictError: Telegram server says - Conflict: terminated by other getUpdates request; make sure that only one bot instance is running
2026-08-28 10:43:54,165 [WARNING] aiogram.dispatcher: Sleep for 5.028722 seconds and try again... (tryings = 49, bot id = 8654316556)
2026-08-28 10:44:06,017 [ERROR] aiogram.dispatcher: Failed to fetch updates - TelegramConflictError: Telegram server says - Conflict: terminated by other getUpdates request; make sure that only one bot instance is running
2026-08-28 10:44:06,017 [WARNING] aiogram.dispatcher: Sleep for 4.929689 seconds and try again... (tryings = 50, bot id = 8654316556)
2026-08-28 10:44:18,036 [ERROR] aiogram.dispatcher: Failed to fetch updates - TelegramConflictError: Telegram server says - Conflict: terminated by other getUpdates request; make sure that only one bot instance is running
2026-08-28 10:44:18,036 [WARNING] aiogram.dispatcher: Sleep for 4.952899 seconds and try again... (tryings = 51, bot id = 8654316556)
2026-08-28 10:44:29,813 [ERROR] aiogram.dispatcher: Failed to fetch updates - TelegramConflictError: Telegram server says - Conflict: terminated by other getUpdates request; make sure that only one bot instance is running
2026-08-28 10:44:29,814 [WARNING] aiogram.dispatcher: Sleep for 4.954311 seconds and try again... (tryings = 52, bot id = 8654316556)
2026-08-28 10:44:41,568 [ERROR] aiogram.dispatcher: Failed to fetch updates - TelegramConflictError: Telegram server says - Conflict: terminated by other getUpdates request; make sure that only one bot instance is running
2026-08-28 10:44:41,568 [WARNING] aiogram.dispatcher: Sleep for 4.755317 seconds and try again... (tryings = 53, bot id = 8654316556)
2026-08-28 10:44:53,117 [ERROR] aiogram.dispatcher: Failed to fetch updates - TelegramConflictError: Telegram server says - Conflict: terminated by other getUpdates request; make sure that only one bot instance is running
2026-08-28 10:44:53,117 [WARNING] aiogram.dispatcher: Sleep for 4.834264 seconds and try again... (tryings = 54, bot id = 8654316556)
2026-08-28 10:45:04,748 [ERROR] aiogram.dispatcher: Failed to fetch updates - TelegramConflictError: Telegram server says - Conflict: terminated by other getUpdates request; make sure that only one bot instance is running
2026-08-28 10:45:04,754 [WARNING] aiogram.dispatcher: Sleep for 5.049414 seconds and try again... (tryings = 55, bot id = 8654316556)
2026-08-28 10:45:16,631 [ERROR] aiogram.dispatcher: Failed to fetch updates - TelegramConflictError: Telegram server says - Conflict: terminated by other getUpdates request; make sure that only one bot instance is running
2026-08-28 10:45:16,631 [WARNING] aiogram.dispatcher: Sleep for 4.968151 seconds and try again... (tryings = 56, bot id = 8654316556)
2026-08-28 10:45:28,408 [ERROR] aiogram.dispatcher: Failed to fetch updates - TelegramConflictError: Telegram server says - Conflict: terminated by other getUpdates request; make sure that only one bot instance is running
2026-08-28 10:45:28,408 [WARNING] aiogram.dispatcher: Sleep for 5.077879 seconds and try again... (tryings = 57, bot id = 8654316556)
2026-08-28 10:45:40,294 [ERROR] aiogram.dispatcher: Failed to fetch updates - TelegramConflictError: Telegram server says - Conflict: terminated by other getUpdates request; make sure that only one bot instance is running
2026-08-28 10:45:40,294 [WARNING] aiogram.dispatcher: Sleep for 4.992827 seconds and try again... (tryings = 58, bot id = 8654316556)
2026-08-28 10:45:52,075 [ERROR] aiogram.dispatcher: Failed to fetch updates - TelegramConflictError: Telegram server says - Conflict: terminated by other getUpdates request; make sure that only one bot instance is running
2026-08-28 10:45:52,076 [WARNING] aiogram.dispatcher: Sleep for 5.002736 seconds and try again... (tryings = 59, bot id = 8654316556)
2026-08-28 10:46:03,883 [ERROR] aiogram.dispatcher: Failed to fetch updates - TelegramConflictError: Telegram server says - Conflict: terminated by other getUpdates request; make sure that only one bot instance is running
2026-08-28 10:46:03,884 [WARNING] aiogram.dispatcher: Sleep for 4.934289 seconds and try again... (tryings = 60, bot id = 8654316556)
2026-08-28 10:46:15,626 [ERROR] aiogram.dispatcher: Failed to fetch updates - TelegramConflictError: Telegram server says - Conflict: terminated by other getUpdates request; make sure that only one bot instance is running
2026-08-28 10:46:15,626 [WARNING] aiogram.dispatcher: Sleep for 4.944797 seconds and try again... (tryings = 61, bot id = 8654316556)
2026-08-28 10:46:27,426 [ERROR] aiogram.dispatcher: Failed to fetch updates - TelegramConflictError: Telegram server says - Conflict: terminated by other getUpdates request; make sure that only one bot instance is running
2026-08-28 10:46:27,426 [WARNING] aiogram.dispatcher: Sleep for 4.829720 seconds and try again... (tryings = 62, bot id = 8654316556)
2026-08-28 10:46:39,329 [ERROR] aiogram.dispatcher: Failed to fetch updates - TelegramConflictError: Telegram server says - Conflict: terminated by other getUpdates request; make sure that only one bot instance is running
2026-08-28 10:46:39,329 [WARNING] aiogram.dispatcher: Sleep for 5.113861 seconds and try again... (tryings = 63, bot id = 8654316556)
2026-08-28 10:46:51,248 [ERROR] aiogram.dispatcher: Failed to fetch updates - TelegramConflictError: Telegram server says - Conflict: terminated by other getUpdates request; make sure that only one bot instance is running
2026-08-28 10:46:51,248 [WARNING] aiogram.dispatcher: Sleep for 5.039897 seconds and try again... (tryings = 64, bot id = 8654316556)
2026-08-28 10:47:03,116 [ERROR] aiogram.dispatcher: Failed to fetch updates - TelegramConflictError: Telegram server says - Conflict: terminated by other getUpdates request; make sure that only one bot instance is running
2026-08-28 10:47:03,116 [WARNING] aiogram.dispatcher: Sleep for 5.165531 seconds and try again... (tryings = 65, bot id = 8654316556)
2026-08-28 10:47:15,282 [ERROR] aiogram.dispatcher: Failed to fetch updates - TelegramConflictError: Telegram server says - Conflict: terminated by other getUpdates request; make sure that only one bot instance is running
2026-08-28 10:47:15,282 [WARNING] aiogram.dispatcher: Sleep for 5.052044 seconds and try again... (tryings = 66, bot id = 8654316556)
2026-08-28 10:47:27,197 [ERROR] aiogram.dispatcher: Failed to fetch updates - TelegramConflictError: Telegram server says - Conflict: terminated by other getUpdates request; make sure that only one bot instance is running
2026-08-28 10:47:27,198 [WARNING] aiogram.dispatcher: Sleep for 5.122906 seconds and try again... (tryings = 67, bot id = 8654316556)
2026-08-28 10:47:39,095 [ERROR] aiogram.dispatcher: Failed to fetch updates - TelegramConflictError: Telegram server says - Conflict: terminated by other getUpdates request; make sure that only one bot instance is running
2026-08-28 10:47:39,095 [WARNING] aiogram.dispatcher: Sleep for 5.031463 seconds and try again... (tryings = 68, bot id = 8654316556)
2026-08-28 10:47:50,929 [ERROR] aiogram.dispatcher: Failed to fetch updates - TelegramConflictError: Telegram server says - Conflict: terminated by other getUpdates request; make sure that only one bot instance is running
2026-08-28 10:47:50,934 [WARNING] aiogram.dispatcher: Sleep for 4.775189 seconds and try again... (tryings = 69, bot id = 8654316556)
2026-08-28 10:48:02,497 [ERROR] aiogram.dispatcher: Failed to fetch updates - TelegramConflictError: Telegram server says - Conflict: terminated by other getUpdates request; make sure that only one bot instance is running
2026-08-28 10:48:02,497 [WARNING] aiogram.dispatcher: Sleep for 4.860591 seconds and try again... (tryings = 70, bot id = 8654316556)
2026-08-28 10:48:14,184 [ERROR] aiogram.dispatcher: Failed to fetch updates - TelegramConflictError: Telegram server says - Conflict: terminated by other getUpdates request; make sure that only one bot instance is running
2026-08-28 10:48:14,184 [WARNING] aiogram.dispatcher: Sleep for 4.975629 seconds and try again... (tryings = 71, bot id = 8654316556)
2026-08-28 10:48:25,964 [ERROR] aiogram.dispatcher: Failed to fetch updates - TelegramConflictError: Telegram server says - Conflict: terminated by other getUpdates request; make sure that only one bot instance is running
2026-08-28 10:48:25,969 [WARNING] aiogram.dispatcher: Sleep for 5.005214 seconds and try again... (tryings = 72, bot id = 8654316556)
2026-08-28 10:48:37,773 [ERROR] aiogram.dispatcher: Failed to fetch updates - TelegramConflictError: Telegram server says - Conflict: terminated by other getUpdates request; make sure that only one bot instance is running
2026-08-28 10:48:37,773 [WARNING] aiogram.dispatcher: Sleep for 4.952330 seconds and try again... (tryings = 73, bot id = 8654316556)
2026-08-28 10:48:49,563 [ERROR] aiogram.dispatcher: Failed to fetch updates - TelegramConflictError: Telegram server says - Conflict: terminated by other getUpdates request; make sure that only one bot instance is running
2026-08-28 10:48:49,564 [WARNING] aiogram.dispatcher: Sleep for 5.105547 seconds and try again... (tryings = 74, bot id = 8654316556)
2026-08-28 10:49:01,482 [ERROR] aiogram.dispatcher: Failed to fetch updates - TelegramConflictError: Telegram server says - Conflict: terminated by other getUpdates request; make sure that only one bot instance is running
2026-08-28 10:49:01,482 [WARNING] aiogram.dispatcher: Sleep for 5.070083 seconds and try again... (tryings = 75, bot id = 8654316556)
2026-08-28 10:49:13,357 [ERROR] aiogram.dispatcher: Failed to fetch updates - TelegramConflictError: Telegram server says - Conflict: terminated by other getUpdates request; make sure that only one bot instance is running
2026-08-28 10:49:13,358 [WARNING] aiogram.dispatcher: Sleep for 4.928344 seconds and try again... (tryings = 76, bot id = 8654316556)
2026-08-28 10:49:25,076 [ERROR] aiogram.dispatcher: Failed to fetch updates - TelegramConflictError: Telegram server says - Conflict: terminated by other getUpdates request; make sure that only one bot instance is running
2026-08-28 10:49:25,076 [WARNING] aiogram.dispatcher: Sleep for 4.967906 seconds and try again... (tryings = 77, bot id = 8654316556)
2026-08-28 10:49:36,844 [ERROR] aiogram.dispatcher: Failed to fetch updates - TelegramConflictError: Telegram server says - Conflict: terminated by other getUpdates request; make sure that only one bot instance is running
2026-08-28 10:49:36,845 [WARNING] aiogram.dispatcher: Sleep for 5.067776 seconds and try again... (tryings = 78, bot id = 8654316556)
2026-08-28 10:49:48,764 [ERROR] aiogram.dispatcher: Failed to fetch updates - TelegramConflictError: Telegram server says - Conflict: terminated by other getUpdates request; make sure that only one bot instance is running
2026-08-28 10:49:48,764 [WARNING] aiogram.dispatcher: Sleep for 4.890249 seconds and try again... (tryings = 79, bot id = 8654316556)
2026-08-28 10:50:00,493 [ERROR] aiogram.dispatcher: Failed to fetch updates - TelegramConflictError: Telegram server says - Conflict: terminated by other getUpdates request; make sure that only one bot instance is running
2026-08-28 10:50:00,494 [WARNING] aiogram.dispatcher: Sleep for 5.079706 seconds and try again... (tryings = 80, bot id = 8654316556)
2026-08-28 10:50:12,396 [ERROR] aiogram.dispatcher: Failed to fetch updates - TelegramConflictError: Telegram server says - Conflict: terminated by other getUpdates request; make sure that only one bot instance is running
2026-08-28 10:50:12,396 [WARNING] aiogram.dispatcher: Sleep for 5.260829 seconds and try again... (tryings = 81, bot id = 8654316556)
2026-08-28 10:50:24,473 [ERROR] aiogram.dispatcher: Failed to fetch updates - TelegramConflictError: Telegram server says - Conflict: terminated by other getUpdates request; make sure that only one bot instance is running
2026-08-28 10:50:24,473 [WARNING] aiogram.dispatcher: Sleep for 4.919928 seconds and try again... (tryings = 82, bot id = 8654316556)
2026-08-28 10:50:36,215 [ERROR] aiogram.dispatcher: Failed to fetch updates - TelegramConflictError: Telegram server says - Conflict: terminated by other getUpdates request; make sure that only one bot instance is running
2026-08-28 10:50:36,215 [WARNING] aiogram.dispatcher: Sleep for 4.941681 seconds and try again... (tryings = 83, bot id = 8654316556)
2026-08-28 11:02:41,790 [INFO] tg_video_bot.audit: Запуск полного аудита системы и проверки компонентов...
2026-08-28 11:02:41,793 [INFO] tg_video_bot.audit: Аудит БД: ОК (Треков: 5, Футажей: 99, Инфлюенсеров: 30)
2026-08-28 11:02:41,887 [INFO] tg_video_bot.audit: Аудит субтитров: ОК (все 6 стилей срендерены)
2026-08-28 11:02:42,622 [INFO] services.chorus_extractor: [Auto-Chorus] Загрузка файла для анализа: C:\Users\a.feoktistov\.gemini\antigravity\scratch\tg_video_bot\downloads\music\snippets\segment_161_130_160.mp3
2026-08-28 11:02:44,976 [INFO] services.chorus_extractor: [Auto-Chorus] Припев найден: 12.1s - 27.1s (оценка: 0.29)
2026-08-28 11:02:45,383 [INFO] tg_video_bot.audit: Аудит припевов: ОК (найден припев 12.1-27.1s)
2026-08-28 11:02:45,384 [INFO] tg_video_bot.audit: Аудит клавиатур Telegram: ОК
2026-08-28 11:02:45,384 [INFO] tg_video_bot.audit: Аудит соединения роутеров и эндпоинтов: ОК
2026-08-28 11:02:45,384 [INFO] tg_video_bot.audit: Полный аудит завершен успешно. БАГОВ НЕ ОБНАРУЖЕНО.
2026-08-28 11:02:45,384 [INFO] tg_video_bot: Запуск системы SnipPlitAiStudio...
2026-08-28 11:02:45,384 [INFO] tg_video_bot: Бот Telegram (aiogram) запущен и готов к обработке команд.
2026-08-28 11:02:45,385 [INFO] tg_video_bot: Запуск сервера FastAPI/Uvicorn на http://localhost:8000
2026-08-28 11:02:45,410 [INFO] aiogram.dispatcher: Start polling
2026-08-28 11:02:46,129 [INFO] aiogram.dispatcher: Run polling for bot @SnipPlit_bot id=8654316556 - 'Plitty 🐾 | SnipPlit'
2026-08-28 11:03:00,480 [ERROR] aiogram.dispatcher: Failed to fetch updates - TelegramConflictError: Telegram server says - Conflict: terminated by other getUpdates request; make sure that only one bot instance is running
2026-08-28 11:03:00,481 [WARNING] aiogram.dispatcher: Sleep for 1.000000 seconds and try again... (tryings = 0, bot id = 8654316556)
2026-08-28 11:03:11,271 [ERROR] aiogram.dispatcher: Failed to fetch updates - TelegramConflictError: Telegram server says - Conflict: terminated by other getUpdates request; make sure that only one bot instance is running
2026-08-28 11:03:11,271 [WARNING] aiogram.dispatcher: Sleep for 1.249425 seconds and try again... (tryings = 1, bot id = 8654316556)
2026-08-28 11:03:22,321 [ERROR] aiogram.dispatcher: Failed to fetch updates - TelegramConflictError: Telegram server says - Conflict: terminated by other getUpdates request; make sure that only one bot instance is running
2026-08-28 11:03:22,322 [WARNING] aiogram.dispatcher: Sleep for 1.626993 seconds and try again... (tryings = 2, bot id = 8654316556)
2026-08-28 11:03:33,746 [ERROR] aiogram.dispatcher: Failed to fetch updates - TelegramConflictError: Telegram server says - Conflict: terminated by other getUpdates request; make sure that only one bot instance is running
2026-08-28 11:03:33,746 [WARNING] aiogram.dispatcher: Sleep for 2.172887 seconds and try again... (tryings = 3, bot id = 8654316556)
2026-08-28 11:03:45,717 [ERROR] aiogram.dispatcher: Failed to fetch updates - TelegramConflictError: Telegram server says - Conflict: terminated by other getUpdates request; make sure that only one bot instance is running
2026-08-28 11:03:45,717 [WARNING] aiogram.dispatcher: Sleep for 2.680508 seconds and try again... (tryings = 4, bot id = 8654316556)
2026-08-28 11:03:58,246 [ERROR] aiogram.dispatcher: Failed to fetch updates - TelegramConflictError: Telegram server says - Conflict: terminated by other getUpdates request; make sure that only one bot instance is running
2026-08-28 11:03:58,247 [WARNING] aiogram.dispatcher: Sleep for 3.361566 seconds and try again... (tryings = 5, bot id = 8654316556)
2026-08-28 11:04:08,412 [ERROR] aiogram.dispatcher: Failed to fetch updates - TelegramConflictError: Telegram server says - Conflict: terminated by other getUpdates request; make sure that only one bot instance is running
2026-08-28 11:04:08,412 [WARNING] aiogram.dispatcher: Sleep for 4.268048 seconds and try again... (tryings = 6, bot id = 8654316556)
2026-08-28 11:04:19,503 [ERROR] aiogram.dispatcher: Failed to fetch updates - TelegramConflictError: Telegram server says - Conflict: terminated by other getUpdates request; make sure that only one bot instance is running
2026-08-28 11:04:19,503 [WARNING] aiogram.dispatcher: Sleep for 4.999510 seconds and try again... (tryings = 7, bot id = 8654316556)
2026-08-28 11:04:31,454 [ERROR] aiogram.dispatcher: Failed to fetch updates - TelegramConflictError: Telegram server says - Conflict: terminated by other getUpdates request; make sure that only one bot instance is running
2026-08-28 11:04:31,454 [WARNING] aiogram.dispatcher: Sleep for 5.149395 seconds and try again... (tryings = 8, bot id = 8654316556)
2026-08-28 11:04:43,419 [ERROR] aiogram.dispatcher: Failed to fetch updates - TelegramConflictError: Telegram server says - Conflict: terminated by other getUpdates request; make sure that only one bot instance is running
2026-08-28 11:04:43,419 [WARNING] aiogram.dispatcher: Sleep for 4.983953 seconds and try again... (tryings = 9, bot id = 8654316556)
2026-08-28 11:04:55,223 [ERROR] aiogram.dispatcher: Failed to fetch updates - TelegramConflictError: Telegram server says - Conflict: terminated by other getUpdates request; make sure that only one bot instance is running
2026-08-28 11:04:55,223 [WARNING] aiogram.dispatcher: Sleep for 5.097656 seconds and try again... (tryings = 10, bot id = 8654316556)
2026-08-28 11:05:07,131 [ERROR] aiogram.dispatcher: Failed to fetch updates - TelegramConflictError: Telegram server says - Conflict: terminated by other getUpdates request; make sure that only one bot instance is running
2026-08-28 11:05:07,131 [WARNING] aiogram.dispatcher: Sleep for 5.057099 seconds and try again... (tryings = 11, bot id = 8654316556)
2026-08-28 11:05:18,989 [ERROR] aiogram.dispatcher: Failed to fetch updates - TelegramConflictError: Telegram server says - Conflict: terminated by other getUpdates request; make sure that only one bot instance is running
2026-08-28 11:05:18,989 [WARNING] aiogram.dispatcher: Sleep for 5.001013 seconds and try again... (tryings = 12, bot id = 8654316556)
2026-08-28 11:05:30,807 [ERROR] aiogram.dispatcher: Failed to fetch updates - TelegramConflictError: Telegram server says - Conflict: terminated by other getUpdates request; make sure that only one bot instance is running
2026-08-28 11:05:30,807 [WARNING] aiogram.dispatcher: Sleep for 5.013240 seconds and try again... (tryings = 13, bot id = 8654316556)
2026-08-28 11:05:42,618 [ERROR] aiogram.dispatcher: Failed to fetch updates - TelegramConflictError: Telegram server says - Conflict: terminated by other getUpdates request; make sure that only one bot instance is running
2026-08-28 11:05:42,619 [WARNING] aiogram.dispatcher: Sleep for 5.007752 seconds and try again... (tryings = 14, bot id = 8654316556)
2026-08-28 11:05:54,456 [ERROR] aiogram.dispatcher: Failed to fetch updates - TelegramConflictError: Telegram server says - Conflict: terminated by other getUpdates request; make sure that only one bot instance is running
2026-08-28 11:05:54,456 [WARNING] aiogram.dispatcher: Sleep for 5.066999 seconds and try again... (tryings = 15, bot id = 8654316556)
2026-08-28 11:06:06,361 [ERROR] aiogram.dispatcher: Failed to fetch updates - TelegramConflictError: Telegram server says - Conflict: terminated by other getUpdates request; make sure that only one bot instance is running
2026-08-28 11:06:06,361 [WARNING] aiogram.dispatcher: Sleep for 5.087830 seconds and try again... (tryings = 16, bot id = 8654316556)
2026-08-28 11:06:18,248 [ERROR] aiogram.dispatcher: Failed to fetch updates - TelegramConflictError: Telegram server says - Conflict: terminated by other getUpdates request; make sure that only one bot instance is running
2026-08-28 11:06:18,248 [WARNING] aiogram.dispatcher: Sleep for 5.087569 seconds and try again... (tryings = 17, bot id = 8654316556)
2026-08-28 11:06:30,119 [ERROR] aiogram.dispatcher: Failed to fetch updates - TelegramConflictError: Telegram server says - Conflict: terminated by other getUpdates request; make sure that only one bot instance is running
2026-08-28 11:06:30,119 [WARNING] aiogram.dispatcher: Sleep for 5.014284 seconds and try again... (tryings = 18, bot id = 8654316556)
2026-08-28 11:06:41,950 [ERROR] aiogram.dispatcher: Failed to fetch updates - TelegramConflictError: Telegram server says - Conflict: terminated by other getUpdates request; make sure that only one bot instance is running
2026-08-28 11:06:41,951 [WARNING] aiogram.dispatcher: Sleep for 5.244343 seconds and try again... (tryings = 19, bot id = 8654316556)
2026-08-28 11:06:53,976 [ERROR] aiogram.dispatcher: Failed to fetch updates - TelegramConflictError: Telegram server says - Conflict: terminated by other getUpdates request; make sure that only one bot instance is running
2026-08-28 11:06:53,976 [WARNING] aiogram.dispatcher: Sleep for 5.018987 seconds and try again... (tryings = 20, bot id = 8654316556)
2026-08-28 11:07:05,791 [ERROR] aiogram.dispatcher: Failed to fetch updates - TelegramConflictError: Telegram server says - Conflict: terminated by other getUpdates request; make sure that only one bot instance is running
2026-08-28 11:07:05,791 [WARNING] aiogram.dispatcher: Sleep for 4.925744 seconds and try again... (tryings = 21, bot id = 8654316556)
2026-08-28 11:07:17,516 [ERROR] aiogram.dispatcher: Failed to fetch updates - TelegramConflictError: Telegram server says - Conflict: terminated by other getUpdates request; make sure that only one bot instance is running
2026-08-28 11:07:17,516 [WARNING] aiogram.dispatcher: Sleep for 5.047762 seconds and try again... (tryings = 22, bot id = 8654316556)
2026-08-28 11:07:29,404 [ERROR] aiogram.dispatcher: Failed to fetch updates - TelegramConflictError: Telegram server says - Conflict: terminated by other getUpdates request; make sure that only one bot instance is running
2026-08-28 11:07:29,404 [WARNING] aiogram.dispatcher: Sleep for 5.049304 seconds and try again... (tryings = 23, bot id = 8654316556)
2026-08-28 11:07:41,237 [ERROR] aiogram.dispatcher: Failed to fetch updates - TelegramConflictError: Telegram server says - Conflict: terminated by other getUpdates request; make sure that only one bot instance is running
2026-08-28 11:07:41,238 [WARNING] aiogram.dispatcher: Sleep for 5.036488 seconds and try again... (tryings = 24, bot id = 8654316556)
2026-08-28 11:07:53,197 [ERROR] aiogram.dispatcher: Failed to fetch updates - TelegramConflictError: Telegram server says - Conflict: terminated by other getUpdates request; make sure that only one bot instance is running
2026-08-28 11:07:53,197 [WARNING] aiogram.dispatcher: Sleep for 4.759212 seconds and try again... (tryings = 25, bot id = 8654316556)
2026-08-28 11:08:04,770 [ERROR] aiogram.dispatcher: Failed to fetch updates - TelegramConflictError: Telegram server says - Conflict: terminated by other getUpdates request; make sure that only one bot instance is running
2026-08-28 11:08:04,770 [WARNING] aiogram.dispatcher: Sleep for 5.073481 seconds and try again... (tryings = 26, bot id = 8654316556)
2026-08-28 11:08:16,651 [ERROR] aiogram.dispatcher: Failed to fetch updates - TelegramConflictError: Telegram server says - Conflict: terminated by other getUpdates request; make sure that only one bot instance is running
2026-08-28 11:08:16,652 [WARNING] aiogram.dispatcher: Sleep for 4.922077 seconds and try again... (tryings = 27, bot id = 8654316556)
2026-08-28 11:08:28,491 [ERROR] aiogram.dispatcher: Failed to fetch updates - TelegramConflictError: Telegram server says - Conflict: terminated by other getUpdates request; make sure that only one bot instance is running
2026-08-28 11:08:28,492 [WARNING] aiogram.dispatcher: Sleep for 4.855980 seconds and try again... (tryings = 28, bot id = 8654316556)
2026-08-28 11:08:40,122 [ERROR] aiogram.dispatcher: Failed to fetch updates - TelegramConflictError: Telegram server says - Conflict: terminated by other getUpdates request; make sure that only one bot instance is running
2026-08-28 11:08:40,123 [WARNING] aiogram.dispatcher: Sleep for 5.012446 seconds and try again... (tryings = 29, bot id = 8654316556)
2026-08-28 11:08:51,923 [ERROR] aiogram.dispatcher: Failed to fetch updates - TelegramConflictError: Telegram server says - Conflict: terminated by other getUpdates request; make sure that only one bot instance is running
2026-08-28 11:08:51,924 [WARNING] aiogram.dispatcher: Sleep for 4.919249 seconds and try again... (tryings = 30, bot id = 8654316556)
2026-08-28 11:09:03,679 [ERROR] aiogram.dispatcher: Failed to fetch updates - TelegramConflictError: Telegram server says - Conflict: terminated by other getUpdates request; make sure that only one bot instance is running
2026-08-28 11:09:03,679 [WARNING] aiogram.dispatcher: Sleep for 5.171262 seconds and try again... (tryings = 31, bot id = 8654316556)
2026-08-28 11:09:15,696 [ERROR] aiogram.dispatcher: Failed to fetch updates - TelegramConflictError: Telegram server says - Conflict: terminated by other getUpdates request; make sure that only one bot instance is running
2026-08-28 11:09:15,697 [WARNING] aiogram.dispatcher: Sleep for 5.130167 seconds and try again... (tryings = 32, bot id = 8654316556)
2026-08-28 11:09:27,626 [ERROR] aiogram.dispatcher: Failed to fetch updates - TelegramConflictError: Telegram server says - Conflict: terminated by other getUpdates request; make sure that only one bot instance is running
2026-08-28 11:09:27,627 [WARNING] aiogram.dispatcher: Sleep for 5.160437 seconds and try again... (tryings = 33, bot id = 8654316556)
2026-08-28 11:09:39,588 [ERROR] aiogram.dispatcher: Failed to fetch updates - TelegramConflictError: Telegram server says - Conflict: terminated by other getUpdates request; make sure that only one bot instance is running
2026-08-28 11:09:39,588 [WARNING] aiogram.dispatcher: Sleep for 4.992309 seconds and try again... (tryings = 34, bot id = 8654316556)
2026-08-28 11:09:51,374 [ERROR] aiogram.dispatcher: Failed to fetch updates - TelegramConflictError: Telegram server says - Conflict: terminated by other getUpdates request; make sure that only one bot instance is running
2026-08-28 11:09:51,374 [WARNING] aiogram.dispatcher: Sleep for 5.184709 seconds and try again... (tryings = 35, bot id = 8654316556)
2026-08-28 11:10:03,391 [ERROR] aiogram.dispatcher: Failed to fetch updates - TelegramConflictError: Telegram server says - Conflict: terminated by other getUpdates request; make sure that only one bot instance is running
2026-08-28 11:10:03,391 [WARNING] aiogram.dispatcher: Sleep for 5.197740 seconds and try again... (tryings = 36, bot id = 8654316556)
2026-08-28 11:10:15,413 [ERROR] aiogram.dispatcher: Failed to fetch updates - TelegramConflictError: Telegram server says - Conflict: terminated by other getUpdates request; make sure that only one bot instance is running
2026-08-28 11:10:15,413 [WARNING] aiogram.dispatcher: Sleep for 4.980548 seconds and try again... (tryings = 37, bot id = 8654316556)
2026-08-28 11:10:27,188 [ERROR] aiogram.dispatcher: Failed to fetch updates - TelegramConflictError: Telegram server says - Conflict: terminated by other getUpdates request; make sure that only one bot instance is running
2026-08-28 11:10:27,188 [WARNING] aiogram.dispatcher: Sleep for 5.084152 seconds and try again... (tryings = 38, bot id = 8654316556)
2026-08-28 11:10:39,124 [ERROR] aiogram.dispatcher: Failed to fetch updates - TelegramConflictError: Telegram server says - Conflict: terminated by other getUpdates request; make sure that only one bot instance is running
2026-08-28 11:10:39,125 [WARNING] aiogram.dispatcher: Sleep for 4.907417 seconds and try again... (tryings = 39, bot id = 8654316556)
2026-08-28 11:10:50,885 [ERROR] aiogram.dispatcher: Failed to fetch updates - TelegramConflictError: Telegram server says - Conflict: terminated by other getUpdates request; make sure that only one bot instance is running
2026-08-28 11:10:50,885 [WARNING] aiogram.dispatcher: Sleep for 5.099258 seconds and try again... (tryings = 40, bot id = 8654316556)
2026-08-28 11:11:03,255 [ERROR] aiogram.dispatcher: Failed to fetch updates - TelegramConflictError: Telegram server says - Conflict: terminated by other getUpdates request; make sure that only one bot instance is running
2026-08-28 11:11:03,255 [WARNING] aiogram.dispatcher: Sleep for 5.002432 seconds and try again... (tryings = 41, bot id = 8654316556)
2026-08-28 11:11:15,093 [ERROR] aiogram.dispatcher: Failed to fetch updates - TelegramConflictError: Telegram server says - Conflict: terminated by other getUpdates request; make sure that only one bot instance is running
2026-08-28 11:11:15,093 [WARNING] aiogram.dispatcher: Sleep for 4.871436 seconds and try again... (tryings = 42, bot id = 8654316556)
2026-08-28 11:11:26,786 [ERROR] aiogram.dispatcher: Failed to fetch updates - TelegramConflictError: Telegram server says - Conflict: terminated by other getUpdates request; make sure that only one bot instance is running
2026-08-28 11:11:26,787 [WARNING] aiogram.dispatcher: Sleep for 5.197972 seconds and try again... (tryings = 43, bot id = 8654316556)
2026-08-28 11:11:38,804 [ERROR] aiogram.dispatcher: Failed to fetch updates - TelegramConflictError: Telegram server says - Conflict: terminated by other getUpdates request; make sure that only one bot instance is running
2026-08-28 11:11:38,805 [WARNING] aiogram.dispatcher: Sleep for 4.958103 seconds and try again... (tryings = 44, bot id = 8654316556)
2026-08-28 11:11:50,565 [ERROR] aiogram.dispatcher: Failed to fetch updates - TelegramConflictError: Telegram server says - Conflict: terminated by other getUpdates request; make sure that only one bot instance is running
2026-08-28 11:11:50,565 [WARNING] aiogram.dispatcher: Sleep for 5.011014 seconds and try again... (tryings = 45, bot id = 8654316556)
2026-08-28 11:12:02,366 [ERROR] aiogram.dispatcher: Failed to fetch updates - TelegramConflictError: Telegram server says - Conflict: terminated by other getUpdates request; make sure that only one bot instance is running
2026-08-28 11:12:02,367 [WARNING] aiogram.dispatcher: Sleep for 5.058145 seconds and try again... (tryings = 46, bot id = 8654316556)
2026-08-28 11:12:14,223 [ERROR] aiogram.dispatcher: Failed to fetch updates - TelegramConflictError: Telegram server says - Conflict: terminated by other getUpdates request; make sure that only one bot instance is running
2026-08-28 11:12:14,223 [WARNING] aiogram.dispatcher: Sleep for 4.948997 seconds and try again... (tryings = 47, bot id = 8654316556)
2026-08-28 11:12:25,959 [ERROR] aiogram.dispatcher: Failed to fetch updates - TelegramConflictError: Telegram server says - Conflict: terminated by other getUpdates request; make sure that only one bot instance is running
2026-08-28 11:12:25,959 [WARNING] aiogram.dispatcher: Sleep for 5.009153 seconds and try again... (tryings = 48, bot id = 8654316556)
2026-08-28 11:12:37,792 [ERROR] aiogram.dispatcher: Failed to fetch updates - TelegramConflictError: Telegram server says - Conflict: terminated by other getUpdates request; make sure that only one bot instance is running
2026-08-28 11:12:37,792 [WARNING] aiogram.dispatcher: Sleep for 4.939394 seconds and try again... (tryings = 49, bot id = 8654316556)
2026-08-28 11:12:49,550 [ERROR] aiogram.dispatcher: Failed to fetch updates - TelegramConflictError: Telegram server says - Conflict: terminated by other getUpdates request; make sure that only one bot instance is running
2026-08-28 11:12:49,550 [WARNING] aiogram.dispatcher: Sleep for 4.838813 seconds and try again... (tryings = 50, bot id = 8654316556)
2026-08-28 11:13:01,358 [ERROR] aiogram.dispatcher: Failed to fetch updates - TelegramConflictError: Telegram server says - Conflict: terminated by other getUpdates request; make sure that only one bot instance is running
2026-08-28 11:13:01,358 [WARNING] aiogram.dispatcher: Sleep for 4.901160 seconds and try again... (tryings = 51, bot id = 8654316556)
2026-08-28 11:13:13,103 [ERROR] aiogram.dispatcher: Failed to fetch updates - TelegramConflictError: Telegram server says - Conflict: terminated by other getUpdates request; make sure that only one bot instance is running
2026-08-28 11:13:13,103 [WARNING] aiogram.dispatcher: Sleep for 4.941556 seconds and try again... (tryings = 52, bot id = 8654316556)
2026-08-28 11:13:24,866 [ERROR] aiogram.dispatcher: Failed to fetch updates - TelegramConflictError: Telegram server says - Conflict: terminated by other getUpdates request; make sure that only one bot instance is running
2026-08-28 11:13:24,866 [WARNING] aiogram.dispatcher: Sleep for 4.978418 seconds and try again... (tryings = 53, bot id = 8654316556)
2026-08-28 11:13:36,656 [ERROR] aiogram.dispatcher: Failed to fetch updates - TelegramConflictError: Telegram server says - Conflict: terminated by other getUpdates request; make sure that only one bot instance is running
2026-08-28 11:13:36,657 [WARNING] aiogram.dispatcher: Sleep for 4.904119 seconds and try again... (tryings = 54, bot id = 8654316556)
2026-08-28 11:13:48,379 [ERROR] aiogram.dispatcher: Failed to fetch updates - TelegramConflictError: Telegram server says - Conflict: terminated by other getUpdates request; make sure that only one bot instance is running
2026-08-28 11:13:48,379 [WARNING] aiogram.dispatcher: Sleep for 4.958742 seconds and try again... (tryings = 55, bot id = 8654316556)
2026-08-28 11:14:00,172 [ERROR] aiogram.dispatcher: Failed to fetch updates - TelegramConflictError: Telegram server says - Conflict: terminated by other getUpdates request; make sure that only one bot instance is running
2026-08-28 11:14:00,173 [WARNING] aiogram.dispatcher: Sleep for 5.003137 seconds and try again... (tryings = 56, bot id = 8654316556)
2026-08-28 11:14:11,986 [ERROR] aiogram.dispatcher: Failed to fetch updates - TelegramConflictError: Telegram server says - Conflict: terminated by other getUpdates request; make sure that only one bot instance is running
2026-08-28 11:14:11,987 [WARNING] aiogram.dispatcher: Sleep for 5.076861 seconds and try again... (tryings = 57, bot id = 8654316556)
2026-08-28 11:14:23,871 [ERROR] aiogram.dispatcher: Failed to fetch updates - TelegramConflictError: Telegram server says - Conflict: terminated by other getUpdates request; make sure that only one bot instance is running
2026-08-28 11:14:23,871 [WARNING] aiogram.dispatcher: Sleep for 5.033810 seconds and try again... (tryings = 58, bot id = 8654316556)
2026-08-28 11:14:35,723 [ERROR] aiogram.dispatcher: Failed to fetch updates - TelegramConflictError: Telegram server says - Conflict: terminated by other getUpdates request; make sure that only one bot instance is running
2026-08-28 11:14:35,724 [WARNING] aiogram.dispatcher: Sleep for 5.012315 seconds and try again... (tryings = 59, bot id = 8654316556)
2026-08-28 11:14:47,541 [ERROR] aiogram.dispatcher: Failed to fetch updates - TelegramConflictError: Telegram server says - Conflict: terminated by other getUpdates request; make sure that only one bot instance is running
2026-08-28 11:14:47,541 [WARNING] aiogram.dispatcher: Sleep for 4.907205 seconds and try again... (tryings = 60, bot id = 8654316556)
2026-08-28 11:14:59,250 [ERROR] aiogram.dispatcher: Failed to fetch updates - TelegramConflictError: Telegram server says - Conflict: terminated by other getUpdates request; make sure that only one bot instance is running
2026-08-28 11:14:59,251 [WARNING] aiogram.dispatcher: Sleep for 5.002887 seconds and try again... (tryings = 61, bot id = 8654316556)
2026-08-28 11:15:11,121 [ERROR] aiogram.dispatcher: Failed to fetch updates - TelegramConflictError: Telegram server says - Conflict: terminated by other getUpdates request; make sure that only one bot instance is running
2026-08-28 11:15:11,122 [WARNING] aiogram.dispatcher: Sleep for 5.012714 seconds and try again... (tryings = 62, bot id = 8654316556)
2026-08-28 11:15:22,943 [ERROR] aiogram.dispatcher: Failed to fetch updates - TelegramConflictError: Telegram server says - Conflict: terminated by other getUpdates request; make sure that only one bot instance is running
2026-08-28 11:15:22,944 [WARNING] aiogram.dispatcher: Sleep for 4.955832 seconds and try again... (tryings = 63, bot id = 8654316556)
2026-08-28 11:15:34,713 [ERROR] aiogram.dispatcher: Failed to fetch updates - TelegramConflictError: Telegram server says - Conflict: terminated by other getUpdates request; make sure that only one bot instance is running
2026-08-28 11:15:34,713 [WARNING] aiogram.dispatcher: Sleep for 4.927941 seconds and try again... (tryings = 64, bot id = 8654316556)
2026-08-28 11:15:46,432 [ERROR] aiogram.dispatcher: Failed to fetch updates - TelegramConflictError: Telegram server says - Conflict: terminated by other getUpdates request; make sure that only one bot instance is running
2026-08-28 11:15:46,432 [WARNING] aiogram.dispatcher: Sleep for 5.096148 seconds and try again... (tryings = 65, bot id = 8654316556)
2026-08-28 11:15:58,319 [ERROR] aiogram.dispatcher: Failed to fetch updates - TelegramConflictError: Telegram server says - Conflict: terminated by other getUpdates request; make sure that only one bot instance is running
2026-08-28 11:15:58,320 [WARNING] aiogram.dispatcher: Sleep for 5.019119 seconds and try again... (tryings = 66, bot id = 8654316556)
2026-08-28 11:16:10,119 [ERROR] aiogram.dispatcher: Failed to fetch updates - TelegramConflictError: Telegram server says - Conflict: terminated by other getUpdates request; make sure that only one bot instance is running
2026-08-28 11:16:10,119 [WARNING] aiogram.dispatcher: Sleep for 4.964621 seconds and try again... (tryings = 67, bot id = 8654316556)
2026-08-28 11:16:21,879 [ERROR] aiogram.dispatcher: Failed to fetch updates - TelegramConflictError: Telegram server says - Conflict: terminated by other getUpdates request; make sure that only one bot instance is running
2026-08-28 11:16:21,879 [WARNING] aiogram.dispatcher: Sleep for 5.007733 seconds and try again... (tryings = 68, bot id = 8654316556)
2026-08-28 11:16:33,705 [ERROR] aiogram.dispatcher: Failed to fetch updates - TelegramConflictError: Telegram server says - Conflict: terminated by other getUpdates request; make sure that only one bot instance is running
2026-08-28 11:16:33,705 [WARNING] aiogram.dispatcher: Sleep for 5.133017 seconds and try again... (tryings = 69, bot id = 8654316556)
2026-08-28 11:16:45,672 [ERROR] aiogram.dispatcher: Failed to fetch updates - TelegramConflictError: Telegram server says - Conflict: terminated by other getUpdates request; make sure that only one bot instance is running
2026-08-28 11:16:45,673 [WARNING] aiogram.dispatcher: Sleep for 4.972936 seconds and try again... (tryings = 70, bot id = 8654316556)
2026-08-28 11:16:57,458 [ERROR] aiogram.dispatcher: Failed to fetch updates - TelegramConflictError: Telegram server says - Conflict: terminated by other getUpdates request; make sure that only one bot instance is running
2026-08-28 11:16:57,458 [WARNING] aiogram.dispatcher: Sleep for 5.004720 seconds and try again... (tryings = 71, bot id = 8654316556)
2026-08-28 11:17:09,257 [ERROR] aiogram.dispatcher: Failed to fetch updates - TelegramConflictError: Telegram server says - Conflict: terminated by other getUpdates request; make sure that only one bot instance is running
2026-08-28 11:17:09,257 [WARNING] aiogram.dispatcher: Sleep for 4.993362 seconds and try again... (tryings = 72, bot id = 8654316556)
2026-08-28 11:17:21,061 [ERROR] aiogram.dispatcher: Failed to fetch updates - TelegramConflictError: Telegram server says - Conflict: terminated by other getUpdates request; make sure that only one bot instance is running
2026-08-28 11:17:21,062 [WARNING] aiogram.dispatcher: Sleep for 4.943789 seconds and try again... (tryings = 73, bot id = 8654316556)
2026-08-28 11:17:32,833 [ERROR] aiogram.dispatcher: Failed to fetch updates - TelegramConflictError: Telegram server says - Conflict: terminated by other getUpdates request; make sure that only one bot instance is running
2026-08-28 11:17:32,834 [WARNING] aiogram.dispatcher: Sleep for 4.968493 seconds and try again... (tryings = 74, bot id = 8654316556)
2026-08-28 11:17:44,596 [ERROR] aiogram.dispatcher: Failed to fetch updates - TelegramConflictError: Telegram server says - Conflict: terminated by other getUpdates request; make sure that only one bot instance is running
2026-08-28 11:17:44,596 [WARNING] aiogram.dispatcher: Sleep for 4.860050 seconds and try again... (tryings = 75, bot id = 8654316556)
2026-08-28 11:17:56,271 [ERROR] aiogram.dispatcher: Failed to fetch updates - TelegramConflictError: Telegram server says - Conflict: terminated by other getUpdates request; make sure that only one bot instance is running
2026-08-28 11:17:56,271 [WARNING] aiogram.dispatcher: Sleep for 5.007442 seconds and try again... (tryings = 76, bot id = 8654316556)
2026-08-28 11:18:08,305 [ERROR] aiogram.dispatcher: Failed to fetch updates - TelegramConflictError: Telegram server says - Conflict: terminated by other getUpdates request; make sure that only one bot instance is running
2026-08-28 11:18:08,306 [WARNING] aiogram.dispatcher: Sleep for 4.947926 seconds and try again... (tryings = 77, bot id = 8654316556)
2026-08-28 11:18:20,042 [ERROR] aiogram.dispatcher: Failed to fetch updates - TelegramConflictError: Telegram server says - Conflict: terminated by other getUpdates request; make sure that only one bot instance is running
2026-08-28 11:18:20,042 [WARNING] aiogram.dispatcher: Sleep for 5.020339 seconds and try again... (tryings = 78, bot id = 8654316556)
2026-08-28 11:18:31,878 [ERROR] aiogram.dispatcher: Failed to fetch updates - TelegramConflictError: Telegram server says - Conflict: terminated by other getUpdates request; make sure that only one bot instance is running
2026-08-28 11:18:31,879 [WARNING] aiogram.dispatcher: Sleep for 4.904565 seconds and try again... (tryings = 79, bot id = 8654316556)
2026-08-28 11:18:43,610 [ERROR] aiogram.dispatcher: Failed to fetch updates - TelegramConflictError: Telegram server says - Conflict: terminated by other getUpdates request; make sure that only one bot instance is running
2026-08-28 11:18:43,610 [WARNING] aiogram.dispatcher: Sleep for 4.941539 seconds and try again... (tryings = 80, bot id = 8654316556)
2026-08-28 11:18:55,371 [ERROR] aiogram.dispatcher: Failed to fetch updates - TelegramConflictError: Telegram server says - Conflict: terminated by other getUpdates request; make sure that only one bot instance is running
2026-08-28 11:18:55,371 [WARNING] aiogram.dispatcher: Sleep for 4.935421 seconds and try again... (tryings = 81, bot id = 8654316556)
2026-08-28 11:19:07,107 [ERROR] aiogram.dispatcher: Failed to fetch updates - TelegramConflictError: Telegram server says - Conflict: terminated by other getUpdates request; make sure that only one bot instance is running
2026-08-28 11:19:07,107 [WARNING] aiogram.dispatcher: Sleep for 5.073711 seconds and try again... (tryings = 82, bot id = 8654316556)
2026-08-28 11:19:18,993 [ERROR] aiogram.dispatcher: Failed to fetch updates - TelegramConflictError: Telegram server says - Conflict: terminated by other getUpdates request; make sure that only one bot instance is running
2026-08-28 11:19:18,994 [WARNING] aiogram.dispatcher: Sleep for 5.088875 seconds and try again... (tryings = 83, bot id = 8654316556)
2026-08-28 11:19:30,860 [ERROR] aiogram.dispatcher: Failed to fetch updates - TelegramConflictError: Telegram server says - Conflict: terminated by other getUpdates request; make sure that only one bot instance is running
2026-08-28 11:19:30,861 [WARNING] aiogram.dispatcher: Sleep for 5.061578 seconds and try again... (tryings = 84, bot id = 8654316556)
2026-08-28 11:19:42,729 [ERROR] aiogram.dispatcher: Failed to fetch updates - TelegramConflictError: Telegram server says - Conflict: terminated by other getUpdates request; make sure that only one bot instance is running
2026-08-28 11:19:42,729 [WARNING] aiogram.dispatcher: Sleep for 4.915556 seconds and try again... (tryings = 85, bot id = 8654316556)
2026-08-28 11:19:54,442 [ERROR] aiogram.dispatcher: Failed to fetch updates - TelegramConflictError: Telegram server says - Conflict: terminated by other getUpdates request; make sure that only one bot instance is running
2026-08-28 11:19:54,443 [WARNING] aiogram.dispatcher: Sleep for 4.852582 seconds and try again... (tryings = 86, bot id = 8654316556)
2026-08-28 11:20:06,142 [ERROR] aiogram.dispatcher: Failed to fetch updates - TelegramConflictError: Telegram server says - Conflict: terminated by other getUpdates request; make sure that only one bot instance is running
2026-08-28 11:20:06,142 [WARNING] aiogram.dispatcher: Sleep for 5.043906 seconds and try again... (tryings = 87, bot id = 8654316556)
2026-08-28 11:20:18,001 [ERROR] aiogram.dispatcher: Failed to fetch updates - TelegramConflictError: Telegram server says - Conflict: terminated by other getUpdates request; make sure that only one bot instance is running
2026-08-28 11:20:18,002 [WARNING] aiogram.dispatcher: Sleep for 5.013584 seconds and try again... (tryings = 88, bot id = 8654316556)
2026-08-28 11:20:29,837 [ERROR] aiogram.dispatcher: Failed to fetch updates - TelegramConflictError: Telegram server says - Conflict: terminated by other getUpdates request; make sure that only one bot instance is running
2026-08-28 11:20:29,837 [WARNING] aiogram.dispatcher: Sleep for 5.119398 seconds and try again... (tryings = 89, bot id = 8654316556)
2026-08-28 11:20:41,756 [ERROR] aiogram.dispatcher: Failed to fetch updates - TelegramConflictError: Telegram server says - Conflict: terminated by other getUpdates request; make sure that only one bot instance is running
2026-08-28 11:20:41,756 [WARNING] aiogram.dispatcher: Sleep for 4.989804 seconds and try again... (tryings = 90, bot id = 8654316556)
2026-08-28 11:20:53,567 [ERROR] aiogram.dispatcher: Failed to fetch updates - TelegramConflictError: Telegram server says - Conflict: terminated by other getUpdates request; make sure that only one bot instance is running
2026-08-28 11:20:53,567 [WARNING] aiogram.dispatcher: Sleep for 4.923359 seconds and try again... (tryings = 91, bot id = 8654316556)
2026-08-28 11:21:05,308 [ERROR] aiogram.dispatcher: Failed to fetch updates - TelegramConflictError: Telegram server says - Conflict: terminated by other getUpdates request; make sure that only one bot instance is running
2026-08-28 11:21:05,308 [WARNING] aiogram.dispatcher: Sleep for 4.908137 seconds and try again... (tryings = 92, bot id = 8654316556)
2026-08-28 11:21:17,015 [ERROR] aiogram.dispatcher: Failed to fetch updates - TelegramConflictError: Telegram server says - Conflict: terminated by other getUpdates request; make sure that only one bot instance is running
2026-08-28 11:21:17,016 [WARNING] aiogram.dispatcher: Sleep for 4.883913 seconds and try again... (tryings = 93, bot id = 8654316556)
2026-08-28 11:21:28,721 [ERROR] aiogram.dispatcher: Failed to fetch updates - TelegramConflictError: Telegram server says - Conflict: terminated by other getUpdates request; make sure that only one bot instance is running
2026-08-28 11:21:28,722 [WARNING] aiogram.dispatcher: Sleep for 5.207558 seconds and try again... (tryings = 94, bot id = 8654316556)
2026-08-28 11:21:40,745 [ERROR] aiogram.dispatcher: Failed to fetch updates - TelegramConflictError: Telegram server says - Conflict: terminated by other getUpdates request; make sure that only one bot instance is running
2026-08-28 11:21:40,745 [WARNING] aiogram.dispatcher: Sleep for 5.137343 seconds and try again... (tryings = 95, bot id = 8654316556)
2026-08-28 11:21:52,756 [ERROR] aiogram.dispatcher: Failed to fetch updates - TelegramConflictError: Telegram server says - Conflict: terminated by other getUpdates request; make sure that only one bot instance is running
2026-08-28 11:21:52,756 [WARNING] aiogram.dispatcher: Sleep for 4.956567 seconds and try again... (tryings = 96, bot id = 8654316556)
2026-08-28 11:22:04,574 [ERROR] aiogram.dispatcher: Failed to fetch updates - TelegramConflictError: Telegram server says - Conflict: terminated by other getUpdates request; make sure that only one bot instance is running
2026-08-28 11:22:04,574 [WARNING] aiogram.dispatcher: Sleep for 4.849158 seconds and try again... (tryings = 97, bot id = 8654316556)
2026-08-28 11:22:14,149 [ERROR] aiogram.dispatcher: Failed to fetch updates - TelegramConflictError: Telegram server says - Conflict: terminated by other getUpdates request; make sure that only one bot instance is running
2026-08-28 11:22:14,150 [WARNING] aiogram.dispatcher: Sleep for 5.011357 seconds and try again... (tryings = 98, bot id = 8654316556)
2026-08-28 11:22:25,934 [ERROR] aiogram.dispatcher: Failed to fetch updates - TelegramConflictError: Telegram server says - Conflict: terminated by other getUpdates request; make sure that only one bot instance is running
2026-08-28 11:22:25,935 [WARNING] aiogram.dispatcher: Sleep for 5.062602 seconds and try again... (tryings = 99, bot id = 8654316556)
2026-08-28 11:22:37,839 [ERROR] aiogram.dispatcher: Failed to fetch updates - TelegramConflictError: Telegram server says - Conflict: terminated by other getUpdates request; make sure that only one bot instance is running
2026-08-28 11:22:37,840 [WARNING] aiogram.dispatcher: Sleep for 4.938578 seconds and try again... (tryings = 100, bot id = 8654316556)
2026-08-28 11:22:49,674 [ERROR] aiogram.dispatcher: Failed to fetch updates - TelegramConflictError: Telegram server says - Conflict: terminated by other getUpdates request; make sure that only one bot instance is running
2026-08-28 11:22:49,675 [WARNING] aiogram.dispatcher: Sleep for 4.985418 seconds and try again... (tryings = 101, bot id = 8654316556)
2026-08-28 11:23:01,476 [ERROR] aiogram.dispatcher: Failed to fetch updates - TelegramConflictError: Telegram server says - Conflict: terminated by other getUpdates request; make sure that only one bot instance is running
2026-08-28 11:23:01,476 [WARNING] aiogram.dispatcher: Sleep for 4.939039 seconds and try again... (tryings = 102, bot id = 8654316556)
2026-08-28 11:23:13,343 [ERROR] aiogram.dispatcher: Failed to fetch updates - TelegramConflictError: Telegram server says - Conflict: terminated by other getUpdates request; make sure that only one bot instance is running
2026-08-28 11:23:13,344 [WARNING] aiogram.dispatcher: Sleep for 5.040837 seconds and try again... (tryings = 103, bot id = 8654316556)
2026-08-28 11:23:25,224 [ERROR] aiogram.dispatcher: Failed to fetch updates - TelegramConflictError: Telegram server says - Conflict: terminated by other getUpdates request; make sure that only one bot instance is running
2026-08-28 11:23:25,225 [WARNING] aiogram.dispatcher: Sleep for 5.012394 seconds and try again... (tryings = 104, bot id = 8654316556)
2026-08-28 11:23:37,004 [ERROR] aiogram.dispatcher: Failed to fetch updates - TelegramConflictError: Telegram server says - Conflict: terminated by other getUpdates request; make sure that only one bot instance is running
2026-08-28 11:23:37,005 [WARNING] aiogram.dispatcher: Sleep for 4.928424 seconds and try again... (tryings = 105, bot id = 8654316556)
2026-08-28 11:23:48,777 [ERROR] aiogram.dispatcher: Failed to fetch updates - TelegramConflictError: Telegram server says - Conflict: terminated by other getUpdates request; make sure that only one bot instance is running
2026-08-28 11:23:48,777 [WARNING] aiogram.dispatcher: Sleep for 5.029021 seconds and try again... (tryings = 106, bot id = 8654316556)
2026-08-28 11:24:00,617 [ERROR] aiogram.dispatcher: Failed to fetch updates - TelegramConflictError: Telegram server says - Conflict: terminated by other getUpdates request; make sure that only one bot instance is running
2026-08-28 11:24:00,617 [WARNING] aiogram.dispatcher: Sleep for 5.004873 seconds and try again... (tryings = 107, bot id = 8654316556)
2026-08-28 11:24:12,425 [ERROR] aiogram.dispatcher: Failed to fetch updates - TelegramConflictError: Telegram server says - Conflict: terminated by other getUpdates request; make sure that only one bot instance is running
2026-08-28 11:24:12,425 [WARNING] aiogram.dispatcher: Sleep for 4.897635 seconds and try again... (tryings = 108, bot id = 8654316556)
2026-08-28 11:24:24,135 [ERROR] aiogram.dispatcher: Failed to fetch updates - TelegramConflictError: Telegram server says - Conflict: terminated by other getUpdates request; make sure that only one bot instance is running
2026-08-28 11:24:24,136 [WARNING] aiogram.dispatcher: Sleep for 5.076539 seconds and try again... (tryings = 109, bot id = 8654316556)
2026-08-28 11:24:36,025 [ERROR] aiogram.dispatcher: Failed to fetch updates - TelegramConflictError: Telegram server says - Conflict: terminated by other getUpdates request; make sure that only one bot instance is running
2026-08-28 11:24:36,025 [WARNING] aiogram.dispatcher: Sleep for 4.985579 seconds and try again... (tryings = 110, bot id = 8654316556)
2026-08-28 11:24:48,286 [ERROR] aiogram.dispatcher: Failed to fetch updates - TelegramConflictError: Telegram server says - Conflict: terminated by other getUpdates request; make sure that only one bot instance is running
2026-08-28 11:24:48,286 [WARNING] aiogram.dispatcher: Sleep for 5.097802 seconds and try again... (tryings = 111, bot id = 8654316556)
2026-08-28 11:25:00,198 [ERROR] aiogram.dispatcher: Failed to fetch updates - TelegramConflictError: Telegram server says - Conflict: terminated by other getUpdates request; make sure that only one bot instance is running
2026-08-28 11:25:00,199 [WARNING] aiogram.dispatcher: Sleep for 4.863958 seconds and try again... (tryings = 112, bot id = 8654316556)
2026-08-28 11:25:11,842 [ERROR] aiogram.dispatcher: Failed to fetch updates - TelegramConflictError: Telegram server says - Conflict: terminated by other getUpdates request; make sure that only one bot instance is running
2026-08-28 11:25:11,842 [WARNING] aiogram.dispatcher: Sleep for 4.896098 seconds and try again... (tryings = 113, bot id = 8654316556)
2026-08-28 11:25:23,558 [ERROR] aiogram.dispatcher: Failed to fetch updates - TelegramConflictError: Telegram server says - Conflict: terminated by other getUpdates request; make sure that only one bot instance is running
2026-08-28 11:25:23,559 [WARNING] aiogram.dispatcher: Sleep for 5.202936 seconds and try again... (tryings = 114, bot id = 8654316556)
2026-08-28 11:25:35,576 [ERROR] aiogram.dispatcher: Failed to fetch updates - TelegramConflictError: Telegram server says - Conflict: terminated by other getUpdates request; make sure that only one bot instance is running
2026-08-28 11:25:35,576 [WARNING] aiogram.dispatcher: Sleep for 5.053385 seconds and try again... (tryings = 115, bot id = 8654316556)
2026-08-28 11:25:47,451 [ERROR] aiogram.dispatcher: Failed to fetch updates - TelegramConflictError: Telegram server says - Conflict: terminated by other getUpdates request; make sure that only one bot instance is running
2026-08-28 11:25:47,451 [WARNING] aiogram.dispatcher: Sleep for 4.968842 seconds and try again... (tryings = 116, bot id = 8654316556)
2026-08-28 11:25:59,226 [ERROR] aiogram.dispatcher: Failed to fetch updates - TelegramConflictError: Telegram server says - Conflict: terminated by other getUpdates request; make sure that only one bot instance is running
2026-08-28 11:25:59,226 [WARNING] aiogram.dispatcher: Sleep for 5.074904 seconds and try again... (tryings = 117, bot id = 8654316556)
2026-08-28 11:26:11,119 [ERROR] aiogram.dispatcher: Failed to fetch updates - TelegramConflictError: Telegram server says - Conflict: terminated by other getUpdates request; make sure that only one bot instance is running
2026-08-28 11:26:11,119 [WARNING] aiogram.dispatcher: Sleep for 5.030900 seconds and try again... (tryings = 118, bot id = 8654316556)
2026-08-28 11:26:22,940 [ERROR] aiogram.dispatcher: Failed to fetch updates - TelegramConflictError: Telegram server says - Conflict: terminated by other getUpdates request; make sure that only one bot instance is running
2026-08-28 11:26:22,941 [WARNING] aiogram.dispatcher: Sleep for 4.865527 seconds and try again... (tryings = 119, bot id = 8654316556)
2026-08-28 11:26:34,620 [ERROR] aiogram.dispatcher: Failed to fetch updates - TelegramConflictError: Telegram server says - Conflict: terminated by other getUpdates request; make sure that only one bot instance is running
2026-08-28 11:26:34,620 [WARNING] aiogram.dispatcher: Sleep for 5.100096 seconds and try again... (tryings = 120, bot id = 8654316556)
2026-08-28 11:26:46,505 [ERROR] aiogram.dispatcher: Failed to fetch updates - TelegramConflictError: Telegram server says - Conflict: terminated by other getUpdates request; make sure that only one bot instance is running
2026-08-28 11:26:46,505 [WARNING] aiogram.dispatcher: Sleep for 5.105113 seconds and try again... (tryings = 121, bot id = 8654316556)
2026-08-28 11:26:58,404 [ERROR] aiogram.dispatcher: Failed to fetch updates - TelegramConflictError: Telegram server says - Conflict: terminated by other getUpdates request; make sure that only one bot instance is running
2026-08-28 11:26:58,404 [WARNING] aiogram.dispatcher: Sleep for 5.093218 seconds and try again... (tryings = 122, bot id = 8654316556)
2026-08-28 11:27:10,311 [ERROR] aiogram.dispatcher: Failed to fetch updates - TelegramConflictError: Telegram server says - Conflict: terminated by other getUpdates request; make sure that only one bot instance is running
2026-08-28 11:27:10,311 [WARNING] aiogram.dispatcher: Sleep for 4.929022 seconds and try again... (tryings = 123, bot id = 8654316556)
2026-08-28 11:27:22,051 [ERROR] aiogram.dispatcher: Failed to fetch updates - TelegramConflictError: Telegram server says - Conflict: terminated by other getUpdates request; make sure that only one bot instance is running
2026-08-28 11:27:22,051 [WARNING] aiogram.dispatcher: Sleep for 5.079165 seconds and try again... (tryings = 124, bot id = 8654316556)
2026-08-28 11:27:33,930 [ERROR] aiogram.dispatcher: Failed to fetch updates - TelegramConflictError: Telegram server says - Conflict: terminated by other getUpdates request; make sure that only one bot instance is running
2026-08-28 11:27:33,930 [WARNING] aiogram.dispatcher: Sleep for 5.086441 seconds and try again... (tryings = 125, bot id = 8654316556)
2026-08-28 11:27:45,815 [ERROR] aiogram.dispatcher: Failed to fetch updates - TelegramConflictError: Telegram server says - Conflict: terminated by other getUpdates request; make sure that only one bot instance is running
2026-08-28 11:27:45,816 [WARNING] aiogram.dispatcher: Sleep for 4.822694 seconds and try again... (tryings = 126, bot id = 8654316556)
2026-08-28 11:27:57,446 [ERROR] aiogram.dispatcher: Failed to fetch updates - TelegramConflictError: Telegram server says - Conflict: terminated by other getUpdates request; make sure that only one bot instance is running
2026-08-28 11:27:57,447 [WARNING] aiogram.dispatcher: Sleep for 4.972793 seconds and try again... (tryings = 127, bot id = 8654316556)
2026-08-28 11:28:09,228 [ERROR] aiogram.dispatcher: Failed to fetch updates - TelegramConflictError: Telegram server says - Conflict: terminated by other getUpdates request; make sure that only one bot instance is running
2026-08-28 11:28:09,229 [WARNING] aiogram.dispatcher: Sleep for 5.180422 seconds and try again... (tryings = 128, bot id = 8654316556)
2026-08-28 11:28:21,439 [ERROR] aiogram.dispatcher: Failed to fetch updates - TelegramConflictError: Telegram server says - Conflict: terminated by other getUpdates request; make sure that only one bot instance is running
2026-08-28 11:28:21,439 [WARNING] aiogram.dispatcher: Sleep for 4.965202 seconds and try again... (tryings = 129, bot id = 8654316556)
2026-08-28 11:28:33,186 [ERROR] aiogram.dispatcher: Failed to fetch updates - TelegramConflictError: Telegram server says - Conflict: terminated by other getUpdates request; make sure that only one bot instance is running
2026-08-28 11:28:33,187 [WARNING] aiogram.dispatcher: Sleep for 4.906390 seconds and try again... (tryings = 130, bot id = 8654316556)
2026-08-28 11:28:44,921 [ERROR] aiogram.dispatcher: Failed to fetch updates - TelegramConflictError: Telegram server says - Conflict: terminated by other getUpdates request; make sure that only one bot instance is running
2026-08-28 11:28:44,922 [WARNING] aiogram.dispatcher: Sleep for 5.065548 seconds and try again... (tryings = 131, bot id = 8654316556)
2026-08-28 11:28:56,806 [ERROR] aiogram.dispatcher: Failed to fetch updates - TelegramConflictError: Telegram server says - Conflict: terminated by other getUpdates request; make sure that only one bot instance is running
2026-08-28 11:28:56,806 [WARNING] aiogram.dispatcher: Sleep for 5.155720 seconds and try again... (tryings = 132, bot id = 8654316556)
2026-08-28 11:29:08,778 [ERROR] aiogram.dispatcher: Failed to fetch updates - TelegramConflictError: Telegram server says - Conflict: terminated by other getUpdates request; make sure that only one bot instance is running
2026-08-28 11:29:08,778 [WARNING] aiogram.dispatcher: Sleep for 5.004121 seconds and try again... (tryings = 133, bot id = 8654316556)
2026-08-28 11:29:20,573 [ERROR] aiogram.dispatcher: Failed to fetch updates - TelegramConflictError: Telegram server says - Conflict: terminated by other getUpdates request; make sure that only one bot instance is running
2026-08-28 11:29:20,573 [WARNING] aiogram.dispatcher: Sleep for 4.720665 seconds and try again... (tryings = 134, bot id = 8654316556)
2026-08-28 11:29:32,154 [ERROR] aiogram.dispatcher: Failed to fetch updates - TelegramConflictError: Telegram server says - Conflict: terminated by other getUpdates request; make sure that only one bot instance is running
2026-08-28 11:29:32,155 [WARNING] aiogram.dispatcher: Sleep for 5.102307 seconds and try again... (tryings = 135, bot id = 8654316556)
2026-08-28 11:29:44,049 [ERROR] aiogram.dispatcher: Failed to fetch updates - TelegramConflictError: Telegram server says - Conflict: terminated by other getUpdates request; make sure that only one bot instance is running
2026-08-28 11:29:44,049 [WARNING] aiogram.dispatcher: Sleep for 5.076818 seconds and try again... (tryings = 136, bot id = 8654316556)
2026-08-28 11:29:55,956 [ERROR] aiogram.dispatcher: Failed to fetch updates - TelegramConflictError: Telegram server says - Conflict: terminated by other getUpdates request; make sure that only one bot instance is running
2026-08-28 11:29:55,956 [WARNING] aiogram.dispatcher: Sleep for 5.045888 seconds and try again... (tryings = 137, bot id = 8654316556)
2026-08-28 11:30:07,810 [ERROR] aiogram.dispatcher: Failed to fetch updates - TelegramConflictError: Telegram server says - Conflict: terminated by other getUpdates request; make sure that only one bot instance is running
2026-08-28 11:30:07,810 [WARNING] aiogram.dispatcher: Sleep for 5.016182 seconds and try again... (tryings = 138, bot id = 8654316556)
2026-08-28 11:30:19,643 [ERROR] aiogram.dispatcher: Failed to fetch updates - TelegramConflictError: Telegram server says - Conflict: terminated by other getUpdates request; make sure that only one bot instance is running
2026-08-28 11:30:19,643 [WARNING] aiogram.dispatcher: Sleep for 4.994475 seconds and try again... (tryings = 139, bot id = 8654316556)
2026-08-28 11:30:31,437 [ERROR] aiogram.dispatcher: Failed to fetch updates - TelegramConflictError: Telegram server says - Conflict: terminated by other getUpdates request; make sure that only one bot instance is running
2026-08-28 11:30:31,437 [WARNING] aiogram.dispatcher: Sleep for 4.890763 seconds and try again... (tryings = 140, bot id = 8654316556)
2026-08-28 11:30:43,134 [ERROR] aiogram.dispatcher: Failed to fetch updates - TelegramConflictError: Telegram server says - Conflict: terminated by other getUpdates request; make sure that only one bot instance is running
2026-08-28 11:30:43,135 [WARNING] aiogram.dispatcher: Sleep for 4.765414 seconds and try again... (tryings = 141, bot id = 8654316556)
2026-08-28 11:30:54,699 [ERROR] aiogram.dispatcher: Failed to fetch updates - TelegramConflictError: Telegram server says - Conflict: terminated by other getUpdates request; make sure that only one bot instance is running
2026-08-28 11:30:54,699 [WARNING] aiogram.dispatcher: Sleep for 4.856335 seconds and try again... (tryings = 142, bot id = 8654316556)
2026-08-28 11:31:06,337 [ERROR] aiogram.dispatcher: Failed to fetch updates - TelegramConflictError: Telegram server says - Conflict: terminated by other getUpdates request; make sure that only one bot instance is running
2026-08-28 11:31:06,338 [WARNING] aiogram.dispatcher: Sleep for 5.055163 seconds and try again... (tryings = 143, bot id = 8654316556)
2026-08-28 11:31:18,197 [ERROR] aiogram.dispatcher: Failed to fetch updates - TelegramConflictError: Telegram server says - Conflict: terminated by other getUpdates request; make sure that only one bot instance is running
2026-08-28 11:31:18,197 [WARNING] aiogram.dispatcher: Sleep for 5.026991 seconds and try again... (tryings = 144, bot id = 8654316556)
2026-08-28 11:31:30,011 [ERROR] aiogram.dispatcher: Failed to fetch updates - TelegramConflictError: Telegram server says - Conflict: terminated by other getUpdates request; make sure that only one bot instance is running
2026-08-28 11:31:30,011 [WARNING] aiogram.dispatcher: Sleep for 5.270170 seconds and try again... (tryings = 145, bot id = 8654316556)
2026-08-28 11:31:42,093 [ERROR] aiogram.dispatcher: Failed to fetch updates - TelegramConflictError: Telegram server says - Conflict: terminated by other getUpdates request; make sure that only one bot instance is running
2026-08-28 11:31:42,094 [WARNING] aiogram.dispatcher: Sleep for 5.005964 seconds and try again... (tryings = 146, bot id = 8654316556)
2026-08-28 11:31:53,935 [ERROR] aiogram.dispatcher: Failed to fetch updates - TelegramConflictError: Telegram server says - Conflict: terminated by other getUpdates request; make sure that only one bot instance is running
2026-08-28 11:31:53,936 [WARNING] aiogram.dispatcher: Sleep for 5.015759 seconds and try again... (tryings = 147, bot id = 8654316556)
2026-08-28 11:32:05,761 [ERROR] aiogram.dispatcher: Failed to fetch updates - TelegramConflictError: Telegram server says - Conflict: terminated by other getUpdates request; make sure that only one bot instance is running
2026-08-28 11:32:05,761 [WARNING] aiogram.dispatcher: Sleep for 4.981411 seconds and try again... (tryings = 148, bot id = 8654316556)
2026-08-28 11:32:17,540 [ERROR] aiogram.dispatcher: Failed to fetch updates - TelegramConflictError: Telegram server says - Conflict: terminated by other getUpdates request; make sure that only one bot instance is running
2026-08-28 11:32:17,540 [WARNING] aiogram.dispatcher: Sleep for 4.900113 seconds and try again... (tryings = 149, bot id = 8654316556)
2026-08-28 11:32:29,259 [ERROR] aiogram.dispatcher: Failed to fetch updates - TelegramConflictError: Telegram server says - Conflict: terminated by other getUpdates request; make sure that only one bot instance is running
2026-08-28 11:32:29,260 [WARNING] aiogram.dispatcher: Sleep for 4.974747 seconds and try again... (tryings = 150, bot id = 8654316556)
2026-08-28 11:32:41,081 [ERROR] aiogram.dispatcher: Failed to fetch updates - TelegramConflictError: Telegram server says - Conflict: terminated by other getUpdates request; make sure that only one bot instance is running
2026-08-28 11:32:41,081 [WARNING] aiogram.dispatcher: Sleep for 5.007765 seconds and try again... (tryings = 151, bot id = 8654316556)
2026-08-28 11:32:52,902 [ERROR] aiogram.dispatcher: Failed to fetch updates - TelegramConflictError: Telegram server says - Conflict: terminated by other getUpdates request; make sure that only one bot instance is running
2026-08-28 11:32:52,902 [WARNING] aiogram.dispatcher: Sleep for 5.071385 seconds and try again... (tryings = 152, bot id = 8654316556)
2026-08-28 11:33:04,766 [ERROR] aiogram.dispatcher: Failed to fetch updates - TelegramConflictError: Telegram server says - Conflict: terminated by other getUpdates request; make sure that only one bot instance is running
2026-08-28 11:33:04,767 [WARNING] aiogram.dispatcher: Sleep for 5.022324 seconds and try again... (tryings = 153, bot id = 8654316556)
2026-08-28 11:33:16,701 [ERROR] aiogram.dispatcher: Failed to fetch updates - TelegramConflictError: Telegram server says - Conflict: terminated by other getUpdates request; make sure that only one bot instance is running
2026-08-28 11:33:16,702 [WARNING] aiogram.dispatcher: Sleep for 5.104877 seconds and try again... (tryings = 154, bot id = 8654316556)
2026-08-28 11:33:28,737 [ERROR] aiogram.dispatcher: Failed to fetch updates - TelegramConflictError: Telegram server says - Conflict: terminated by other getUpdates request; make sure that only one bot instance is running
2026-08-28 11:33:28,737 [WARNING] aiogram.dispatcher: Sleep for 5.055459 seconds and try again... (tryings = 155, bot id = 8654316556)
2026-08-28 11:33:40,598 [ERROR] aiogram.dispatcher: Failed to fetch updates - TelegramConflictError: Telegram server says - Conflict: terminated by other getUpdates request; make sure that only one bot instance is running
2026-08-28 11:33:40,598 [WARNING] aiogram.dispatcher: Sleep for 5.128173 seconds and try again... (tryings = 156, bot id = 8654316556)
2026-08-28 11:33:52,530 [ERROR] aiogram.dispatcher: Failed to fetch updates - TelegramConflictError: Telegram server says - Conflict: terminated by other getUpdates request; make sure that only one bot instance is running
2026-08-28 11:33:52,530 [WARNING] aiogram.dispatcher: Sleep for 4.926127 seconds and try again... (tryings = 157, bot id = 8654316556)
2026-08-28 11:34:04,284 [ERROR] aiogram.dispatcher: Failed to fetch updates - TelegramConflictError: Telegram server says - Conflict: terminated by other getUpdates request; make sure that only one bot instance is running
2026-08-28 11:34:04,285 [WARNING] aiogram.dispatcher: Sleep for 4.781250 seconds and try again... (tryings = 158, bot id = 8654316556)
2026-08-28 11:34:15,858 [ERROR] aiogram.dispatcher: Failed to fetch updates - TelegramConflictError: Telegram server says - Conflict: terminated by other getUpdates request; make sure that only one bot instance is running
2026-08-28 11:34:15,859 [WARNING] aiogram.dispatcher: Sleep for 5.067344 seconds and try again... (tryings = 159, bot id = 8654316556)
2026-08-28 11:34:27,720 [ERROR] aiogram.dispatcher: Failed to fetch updates - TelegramConflictError: Telegram server says - Conflict: terminated by other getUpdates request; make sure that only one bot instance is running
2026-08-28 11:34:27,720 [WARNING] aiogram.dispatcher: Sleep for 5.021220 seconds and try again... (tryings = 160, bot id = 8654316556)
2026-08-28 11:34:39,543 [ERROR] aiogram.dispatcher: Failed to fetch updates - TelegramConflictError: Telegram server says - Conflict: terminated by other getUpdates request; make sure that only one bot instance is running
2026-08-28 11:34:39,543 [WARNING] aiogram.dispatcher: Sleep for 4.988932 seconds and try again... (tryings = 161, bot id = 8654316556)
2026-08-28 11:34:51,338 [ERROR] aiogram.dispatcher: Failed to fetch updates - TelegramConflictError: Telegram server says - Conflict: terminated by other getUpdates request; make sure that only one bot instance is running
2026-08-28 11:34:51,338 [WARNING] aiogram.dispatcher: Sleep for 4.979758 seconds and try again... (tryings = 162, bot id = 8654316556)
2026-08-28 11:35:03,096 [ERROR] aiogram.dispatcher: Failed to fetch updates - TelegramConflictError: Telegram server says - Conflict: terminated by other getUpdates request; make sure that only one bot instance is running
2026-08-28 11:35:03,097 [WARNING] aiogram.dispatcher: Sleep for 5.040479 seconds and try again... (tryings = 163, bot id = 8654316556)
2026-08-28 11:35:14,943 [ERROR] aiogram.dispatcher: Failed to fetch updates - TelegramConflictError: Telegram server says - Conflict: terminated by other getUpdates request; make sure that only one bot instance is running
2026-08-28 11:35:14,943 [WARNING] aiogram.dispatcher: Sleep for 5.067738 seconds and try again... (tryings = 164, bot id = 8654316556)
2026-08-28 11:35:26,823 [ERROR] aiogram.dispatcher: Failed to fetch updates - TelegramConflictError: Telegram server says - Conflict: terminated by other getUpdates request; make sure that only one bot instance is running
2026-08-28 11:35:26,824 [WARNING] aiogram.dispatcher: Sleep for 5.086211 seconds and try again... (tryings = 165, bot id = 8654316556)
2026-08-28 11:35:38,695 [ERROR] aiogram.dispatcher: Failed to fetch updates - TelegramConflictError: Telegram server says - Conflict: terminated by other getUpdates request; make sure that only one bot instance is running
2026-08-28 11:35:38,695 [WARNING] aiogram.dispatcher: Sleep for 5.076762 seconds and try again... (tryings = 166, bot id = 8654316556)
2026-08-28 11:35:50,549 [ERROR] aiogram.dispatcher: Failed to fetch updates - TelegramConflictError: Telegram server says - Conflict: terminated by other getUpdates request; make sure that only one bot instance is running
2026-08-28 11:35:50,549 [WARNING] aiogram.dispatcher: Sleep for 5.065584 seconds and try again... (tryings = 167, bot id = 8654316556)
2026-08-28 11:36:02,417 [ERROR] aiogram.dispatcher: Failed to fetch updates - TelegramConflictError: Telegram server says - Conflict: terminated by other getUpdates request; make sure that only one bot instance is running
2026-08-28 11:36:02,418 [WARNING] aiogram.dispatcher: Sleep for 5.060973 seconds and try again... (tryings = 168, bot id = 8654316556)
2026-08-28 11:36:14,284 [ERROR] aiogram.dispatcher: Failed to fetch updates - TelegramConflictError: Telegram server says - Conflict: terminated by other getUpdates request; make sure that only one bot instance is running
2026-08-28 11:36:14,284 [WARNING] aiogram.dispatcher: Sleep for 5.048474 seconds and try again... (tryings = 169, bot id = 8654316556)
2026-08-28 11:36:26,144 [ERROR] aiogram.dispatcher: Failed to fetch updates - TelegramConflictError: Telegram server says - Conflict: terminated by other getUpdates request; make sure that only one bot instance is running
2026-08-28 11:36:26,145 [WARNING] aiogram.dispatcher: Sleep for 5.015651 seconds and try again... (tryings = 170, bot id = 8654316556)
2026-08-28 11:36:37,997 [ERROR] aiogram.dispatcher: Failed to fetch updates - TelegramConflictError: Telegram server says - Conflict: terminated by other getUpdates request; make sure that only one bot instance is running
2026-08-28 11:36:37,997 [WARNING] aiogram.dispatcher: Sleep for 4.870276 seconds and try again... (tryings = 171, bot id = 8654316556)
2026-08-28 11:36:49,672 [ERROR] aiogram.dispatcher: Failed to fetch updates - TelegramConflictError: Telegram server says - Conflict: terminated by other getUpdates request; make sure that only one bot instance is running
2026-08-28 11:36:49,672 [WARNING] aiogram.dispatcher: Sleep for 4.879828 seconds and try again... (tryings = 172, bot id = 8654316556)
2026-08-28 11:37:01,372 [ERROR] aiogram.dispatcher: Failed to fetch updates - TelegramConflictError: Telegram server says - Conflict: terminated by other getUpdates request; make sure that only one bot instance is running
2026-08-28 11:37:01,372 [WARNING] aiogram.dispatcher: Sleep for 4.953116 seconds and try again... (tryings = 173, bot id = 8654316556)
2026-08-28 11:37:13,148 [ERROR] aiogram.dispatcher: Failed to fetch updates - TelegramConflictError: Telegram server says - Conflict: terminated by other getUpdates request; make sure that only one bot instance is running
2026-08-28 11:37:13,149 [WARNING] aiogram.dispatcher: Sleep for 4.911022 seconds and try again... (tryings = 174, bot id = 8654316556)
2026-08-28 11:37:24,858 [ERROR] aiogram.dispatcher: Failed to fetch updates - TelegramConflictError: Telegram server says - Conflict: terminated by other getUpdates request; make sure that only one bot instance is running
2026-08-28 11:37:24,858 [WARNING] aiogram.dispatcher: Sleep for 5.040390 seconds and try again... (tryings = 175, bot id = 8654316556)
2026-08-28 11:37:36,719 [ERROR] aiogram.dispatcher: Failed to fetch updates - TelegramConflictError: Telegram server says - Conflict: terminated by other getUpdates request; make sure that only one bot instance is running
2026-08-28 11:37:36,720 [WARNING] aiogram.dispatcher: Sleep for 4.929351 seconds and try again... (tryings = 176, bot id = 8654316556)
2026-08-28 11:37:48,490 [ERROR] aiogram.dispatcher: Failed to fetch updates - TelegramConflictError: Telegram server says - Conflict: terminated by other getUpdates request; make sure that only one bot instance is running
2026-08-28 11:37:48,491 [WARNING] aiogram.dispatcher: Sleep for 4.986419 seconds and try again... (tryings = 177, bot id = 8654316556)
2026-08-28 11:38:00,282 [ERROR] aiogram.dispatcher: Failed to fetch updates - TelegramConflictError: Telegram server says - Conflict: terminated by other getUpdates request; make sure that only one bot instance is running
2026-08-28 11:38:00,282 [WARNING] aiogram.dispatcher: Sleep for 4.983248 seconds and try again... (tryings = 178, bot id = 8654316556)
2026-08-28 11:38:12,076 [ERROR] aiogram.dispatcher: Failed to fetch updates - TelegramConflictError: Telegram server says - Conflict: terminated by other getUpdates request; make sure that only one bot instance is running
2026-08-28 11:38:12,076 [WARNING] aiogram.dispatcher: Sleep for 5.074734 seconds and try again... (tryings = 179, bot id = 8654316556)
2026-08-28 11:38:24,135 [ERROR] aiogram.dispatcher: Failed to fetch updates - TelegramConflictError: Telegram server says - Conflict: terminated by other getUpdates request; make sure that only one bot instance is running
2026-08-28 11:38:24,135 [WARNING] aiogram.dispatcher: Sleep for 4.973581 seconds and try again... (tryings = 180, bot id = 8654316556)
2026-08-28 11:38:35,919 [ERROR] aiogram.dispatcher: Failed to fetch updates - TelegramConflictError: Telegram server says - Conflict: terminated by other getUpdates request; make sure that only one bot instance is running
2026-08-28 11:38:35,919 [WARNING] aiogram.dispatcher: Sleep for 4.990135 seconds and try again... (tryings = 181, bot id = 8654316556)
2026-08-28 11:38:47,709 [ERROR] aiogram.dispatcher: Failed to fetch updates - TelegramConflictError: Telegram server says - Conflict: terminated by other getUpdates request; make sure that only one bot instance is running
2026-08-28 11:38:47,709 [WARNING] aiogram.dispatcher: Sleep for 5.081851 seconds and try again... (tryings = 182, bot id = 8654316556)
2026-08-28 11:38:59,587 [ERROR] aiogram.dispatcher: Failed to fetch updates - TelegramConflictError: Telegram server says - Conflict: terminated by other getUpdates request; make sure that only one bot instance is running
2026-08-28 11:38:59,587 [WARNING] aiogram.dispatcher: Sleep for 5.169628 seconds and try again... (tryings = 183, bot id = 8654316556)
2026-08-28 11:39:11,574 [ERROR] aiogram.dispatcher: Failed to fetch updates - TelegramConflictError: Telegram server says - Conflict: terminated by other getUpdates request; make sure that only one bot instance is running
2026-08-28 11:39:11,574 [WARNING] aiogram.dispatcher: Sleep for 4.990743 seconds and try again... (tryings = 184, bot id = 8654316556)
2026-08-28 11:39:23,356 [ERROR] aiogram.dispatcher: Failed to fetch updates - TelegramConflictError: Telegram server says - Conflict: terminated by other getUpdates request; make sure that only one bot instance is running
2026-08-28 11:39:23,356 [WARNING] aiogram.dispatcher: Sleep for 4.969482 seconds and try again... (tryings = 185, bot id = 8654316556)
2026-08-28 11:39:35,135 [ERROR] aiogram.dispatcher: Failed to fetch updates - TelegramConflictError: Telegram server says - Conflict: terminated by other getUpdates request; make sure that only one bot instance is running
2026-08-28 11:39:35,135 [WARNING] aiogram.dispatcher: Sleep for 5.041530 seconds and try again... (tryings = 186, bot id = 8654316556)
2026-08-28 11:39:46,960 [ERROR] aiogram.dispatcher: Failed to fetch updates - TelegramConflictError: Telegram server says - Conflict: terminated by other getUpdates request; make sure that only one bot instance is running
2026-08-28 11:39:46,960 [WARNING] aiogram.dispatcher: Sleep for 4.998943 seconds and try again... (tryings = 187, bot id = 8654316556)
2026-08-28 11:39:58,731 [ERROR] aiogram.dispatcher: Failed to fetch updates - TelegramConflictError: Telegram server says - Conflict: terminated by other getUpdates request; make sure that only one bot instance is running
2026-08-28 11:39:58,732 [WARNING] aiogram.dispatcher: Sleep for 4.960486 seconds and try again... (tryings = 188, bot id = 8654316556)
2026-08-28 11:40:10,500 [ERROR] aiogram.dispatcher: Failed to fetch updates - TelegramConflictError: Telegram server says - Conflict: terminated by other getUpdates request; make sure that only one bot instance is running
2026-08-28 11:40:10,500 [WARNING] aiogram.dispatcher: Sleep for 5.168286 seconds and try again... (tryings = 189, bot id = 8654316556)
2026-08-28 11:40:22,495 [ERROR] aiogram.dispatcher: Failed to fetch updates - TelegramConflictError: Telegram server says - Conflict: terminated by other getUpdates request; make sure that only one bot instance is running
2026-08-28 11:40:22,496 [WARNING] aiogram.dispatcher: Sleep for 5.031470 seconds and try again... (tryings = 190, bot id = 8654316556)
2026-08-28 11:40:34,290 [ERROR] aiogram.dispatcher: Failed to fetch updates - TelegramConflictError: Telegram server says - Conflict: terminated by other getUpdates request; make sure that only one bot instance is running
2026-08-28 11:40:34,290 [WARNING] aiogram.dispatcher: Sleep for 4.947172 seconds and try again... (tryings = 191, bot id = 8654316556)
2026-08-28 11:40:46,061 [ERROR] aiogram.dispatcher: Failed to fetch updates - TelegramConflictError: Telegram server says - Conflict: terminated by other getUpdates request; make sure that only one bot instance is running
2026-08-28 11:40:46,061 [WARNING] aiogram.dispatcher: Sleep for 5.070365 seconds and try again... (tryings = 192, bot id = 8654316556)
2026-08-28 11:40:57,956 [ERROR] aiogram.dispatcher: Failed to fetch updates - TelegramConflictError: Telegram server says - Conflict: terminated by other getUpdates request; make sure that only one bot instance is running
2026-08-28 11:40:57,957 [WARNING] aiogram.dispatcher: Sleep for 4.890660 seconds and try again... (tryings = 193, bot id = 8654316556)
2026-08-28 11:41:09,645 [ERROR] aiogram.dispatcher: Failed to fetch updates - TelegramConflictError: Telegram server says - Conflict: terminated by other getUpdates request; make sure that only one bot instance is running
2026-08-28 11:41:09,646 [WARNING] aiogram.dispatcher: Sleep for 5.209657 seconds and try again... (tryings = 194, bot id = 8654316556)
2026-08-28 11:41:21,657 [ERROR] aiogram.dispatcher: Failed to fetch updates - TelegramConflictError: Telegram server says - Conflict: terminated by other getUpdates request; make sure that only one bot instance is running
2026-08-28 11:41:21,657 [WARNING] aiogram.dispatcher: Sleep for 4.810071 seconds and try again... (tryings = 195, bot id = 8654316556)
2026-08-28 11:41:33,256 [ERROR] aiogram.dispatcher: Failed to fetch updates - TelegramConflictError: Telegram server says - Conflict: terminated by other getUpdates request; make sure that only one bot instance is running
2026-08-28 11:41:33,256 [WARNING] aiogram.dispatcher: Sleep for 5.020778 seconds and try again... (tryings = 196, bot id = 8654316556)
2026-08-28 11:41:45,070 [ERROR] aiogram.dispatcher: Failed to fetch updates - TelegramConflictError: Telegram server says - Conflict: terminated by other getUpdates request; make sure that only one bot instance is running
2026-08-28 11:41:45,070 [WARNING] aiogram.dispatcher: Sleep for 4.996950 seconds and try again... (tryings = 197, bot id = 8654316556)
2026-08-28 11:41:56,849 [ERROR] aiogram.dispatcher: Failed to fetch updates - TelegramConflictError: Telegram server says - Conflict: terminated by other getUpdates request; make sure that only one bot instance is running
2026-08-28 11:41:56,849 [WARNING] aiogram.dispatcher: Sleep for 4.881392 seconds and try again... (tryings = 198, bot id = 8654316556)
2026-08-28 11:42:08,541 [ERROR] aiogram.dispatcher: Failed to fetch updates - TelegramConflictError: Telegram server says - Conflict: terminated by other getUpdates request; make sure that only one bot instance is running
2026-08-28 11:42:08,542 [WARNING] aiogram.dispatcher: Sleep for 4.973914 seconds and try again... (tryings = 199, bot id = 8654316556)
2026-08-28 11:42:20,328 [ERROR] aiogram.dispatcher: Failed to fetch updates - TelegramConflictError: Telegram server says - Conflict: terminated by other getUpdates request; make sure that only one bot instance is running
2026-08-28 11:42:20,329 [WARNING] aiogram.dispatcher: Sleep for 4.988185 seconds and try again... (tryings = 200, bot id = 8654316556)
2026-08-28 11:42:32,131 [ERROR] aiogram.dispatcher: Failed to fetch updates - TelegramConflictError: Telegram server says - Conflict: terminated by other getUpdates request; make sure that only one bot instance is running
2026-08-28 11:42:32,132 [WARNING] aiogram.dispatcher: Sleep for 5.011251 seconds and try again... (tryings = 201, bot id = 8654316556)
2026-08-28 11:42:43,940 [ERROR] aiogram.dispatcher: Failed to fetch updates - TelegramConflictError: Telegram server says - Conflict: terminated by other getUpdates request; make sure that only one bot instance is running
2026-08-28 11:42:43,941 [WARNING] aiogram.dispatcher: Sleep for 4.891033 seconds and try again... (tryings = 202, bot id = 8654316556)
2026-08-28 11:42:55,627 [ERROR] aiogram.dispatcher: Failed to fetch updates - TelegramConflictError: Telegram server says - Conflict: terminated by other getUpdates request; make sure that only one bot instance is running
2026-08-28 11:42:55,627 [WARNING] aiogram.dispatcher: Sleep for 4.812410 seconds and try again... (tryings = 203, bot id = 8654316556)
2026-08-28 11:43:07,246 [ERROR] aiogram.dispatcher: Failed to fetch updates - TelegramConflictError: Telegram server says - Conflict: terminated by other getUpdates request; make sure that only one bot instance is running
2026-08-28 11:43:07,247 [WARNING] aiogram.dispatcher: Sleep for 4.974687 seconds and try again... (tryings = 204, bot id = 8654316556)
2026-08-28 11:43:19,033 [ERROR] aiogram.dispatcher: Failed to fetch updates - TelegramConflictError: Telegram server says - Conflict: terminated by other getUpdates request; make sure that only one bot instance is running
2026-08-28 11:43:19,034 [WARNING] aiogram.dispatcher: Sleep for 4.916358 seconds and try again... (tryings = 205, bot id = 8654316556)
2026-08-28 11:43:30,973 [ERROR] aiogram.dispatcher: Failed to fetch updates - TelegramConflictError: Telegram server says - Conflict: terminated by other getUpdates request; make sure that only one bot instance is running
2026-08-28 11:43:30,973 [WARNING] aiogram.dispatcher: Sleep for 4.886589 seconds and try again... (tryings = 206, bot id = 8654316556)
2026-08-28 11:43:43,497 [ERROR] aiogram.dispatcher: Failed to fetch updates - TelegramConflictError: Telegram server says - Conflict: terminated by other getUpdates request; make sure that only one bot instance is running
2026-08-28 11:43:43,497 [WARNING] aiogram.dispatcher: Sleep for 5.029103 seconds and try again... (tryings = 207, bot id = 8654316556)
2026-08-28 11:43:55,315 [ERROR] aiogram.dispatcher: Failed to fetch updates - TelegramConflictError: Telegram server says - Conflict: terminated by other getUpdates request; make sure that only one bot instance is running
2026-08-28 11:43:55,316 [WARNING] aiogram.dispatcher: Sleep for 4.971744 seconds and try again... (tryings = 208, bot id = 8654316556)
2026-08-28 11:44:07,134 [ERROR] aiogram.dispatcher: Failed to fetch updates - TelegramConflictError: Telegram server says - Conflict: terminated by other getUpdates request; make sure that only one bot instance is running
2026-08-28 11:44:07,135 [WARNING] aiogram.dispatcher: Sleep for 5.024004 seconds and try again... (tryings = 209, bot id = 8654316556)
2026-08-28 11:44:18,961 [ERROR] aiogram.dispatcher: Failed to fetch updates - TelegramConflictError: Telegram server says - Conflict: terminated by other getUpdates request; make sure that only one bot instance is running
2026-08-28 11:44:18,962 [WARNING] aiogram.dispatcher: Sleep for 4.931382 seconds and try again... (tryings = 210, bot id = 8654316556)
2026-08-28 11:44:30,689 [ERROR] aiogram.dispatcher: Failed to fetch updates - TelegramConflictError: Telegram server says - Conflict: terminated by other getUpdates request; make sure that only one bot instance is running
2026-08-28 11:44:30,689 [WARNING] aiogram.dispatcher: Sleep for 4.928579 seconds and try again... (tryings = 211, bot id = 8654316556)
2026-08-28 11:44:42,408 [ERROR] aiogram.dispatcher: Failed to fetch updates - TelegramConflictError: Telegram server says - Conflict: terminated by other getUpdates request; make sure that only one bot instance is running
2026-08-28 11:44:42,409 [WARNING] aiogram.dispatcher: Sleep for 4.858050 seconds and try again... (tryings = 212, bot id = 8654316556)
2026-08-28 11:44:54,058 [ERROR] aiogram.dispatcher: Failed to fetch updates - TelegramConflictError: Telegram server says - Conflict: terminated by other getUpdates request; make sure that only one bot instance is running
2026-08-28 11:44:54,059 [WARNING] aiogram.dispatcher: Sleep for 4.959685 seconds and try again... (tryings = 213, bot id = 8654316556)
2026-08-28 11:45:05,820 [ERROR] aiogram.dispatcher: Failed to fetch updates - TelegramConflictError: Telegram server says - Conflict: terminated by other getUpdates request; make sure that only one bot instance is running
2026-08-28 11:45:05,820 [WARNING] aiogram.dispatcher: Sleep for 4.981206 seconds and try again... (tryings = 214, bot id = 8654316556)
2026-08-28 11:45:17,573 [ERROR] aiogram.dispatcher: Failed to fetch updates - TelegramConflictError: Telegram server says - Conflict: terminated by other getUpdates request; make sure that only one bot instance is running
2026-08-28 11:45:17,574 [WARNING] aiogram.dispatcher: Sleep for 4.969906 seconds and try again... (tryings = 215, bot id = 8654316556)
2026-08-28 11:45:29,348 [ERROR] aiogram.dispatcher: Failed to fetch updates - TelegramConflictError: Telegram server says - Conflict: terminated by other getUpdates request; make sure that only one bot instance is running
2026-08-28 11:45:29,348 [WARNING] aiogram.dispatcher: Sleep for 5.023785 seconds and try again... (tryings = 216, bot id = 8654316556)
2026-08-28 11:45:41,163 [ERROR] aiogram.dispatcher: Failed to fetch updates - TelegramConflictError: Telegram server says - Conflict: terminated by other getUpdates request; make sure that only one bot instance is running
2026-08-28 11:45:41,164 [WARNING] aiogram.dispatcher: Sleep for 5.035377 seconds and try again... (tryings = 217, bot id = 8654316556)
2026-08-28 11:45:53,002 [ERROR] aiogram.dispatcher: Failed to fetch updates - TelegramConflictError: Telegram server says - Conflict: terminated by other getUpdates request; make sure that only one bot instance is running
2026-08-28 11:45:53,002 [WARNING] aiogram.dispatcher: Sleep for 4.966393 seconds and try again... (tryings = 218, bot id = 8654316556)
2026-08-28 11:46:04,754 [ERROR] aiogram.dispatcher: Failed to fetch updates - TelegramConflictError: Telegram server says - Conflict: terminated by other getUpdates request; make sure that only one bot instance is running
2026-08-28 11:46:04,755 [WARNING] aiogram.dispatcher: Sleep for 5.120872 seconds and try again... (tryings = 219, bot id = 8654316556)
2026-08-28 11:46:16,640 [ERROR] aiogram.dispatcher: Failed to fetch updates - TelegramConflictError: Telegram server says - Conflict: terminated by other getUpdates request; make sure that only one bot instance is running
2026-08-28 11:46:16,642 [WARNING] aiogram.dispatcher: Sleep for 5.064471 seconds and try again... (tryings = 220, bot id = 8654316556)
2026-08-28 11:46:28,511 [ERROR] aiogram.dispatcher: Failed to fetch updates - TelegramConflictError: Telegram server says - Conflict: terminated by other getUpdates request; make sure that only one bot instance is running
2026-08-28 11:46:28,511 [WARNING] aiogram.dispatcher: Sleep for 5.049138 seconds and try again... (tryings = 221, bot id = 8654316556)
2026-08-28 11:46:40,390 [ERROR] aiogram.dispatcher: Failed to fetch updates - TelegramConflictError: Telegram server says - Conflict: terminated by other getUpdates request; make sure that only one bot instance is running
2026-08-28 11:46:40,391 [WARNING] aiogram.dispatcher: Sleep for 5.020420 seconds and try again... (tryings = 222, bot id = 8654316556)
2026-08-28 11:46:52,223 [ERROR] aiogram.dispatcher: Failed to fetch updates - TelegramConflictError: Telegram server says - Conflict: terminated by other getUpdates request; make sure that only one bot instance is running
2026-08-28 11:46:52,224 [WARNING] aiogram.dispatcher: Sleep for 4.925924 seconds and try again... (tryings = 223, bot id = 8654316556)
2026-08-28 11:47:03,959 [ERROR] aiogram.dispatcher: Failed to fetch updates - TelegramConflictError: Telegram server says - Conflict: terminated by other getUpdates request; make sure that only one bot instance is running
2026-08-28 11:47:03,959 [WARNING] aiogram.dispatcher: Sleep for 4.935541 seconds and try again... (tryings = 224, bot id = 8654316556)
2026-08-28 11:47:15,725 [ERROR] aiogram.dispatcher: Failed to fetch updates - TelegramConflictError: Telegram server says - Conflict: terminated by other getUpdates request; make sure that only one bot instance is running
2026-08-28 11:47:15,725 [WARNING] aiogram.dispatcher: Sleep for 4.965434 seconds and try again... (tryings = 225, bot id = 8654316556)
2026-08-28 11:47:27,489 [ERROR] aiogram.dispatcher: Failed to fetch updates - TelegramConflictError: Telegram server says - Conflict: terminated by other getUpdates request; make sure that only one bot instance is running
2026-08-28 11:47:27,490 [WARNING] aiogram.dispatcher: Sleep for 5.203010 seconds and try again... (tryings = 226, bot id = 8654316556)
2026-08-28 11:47:39,514 [ERROR] aiogram.dispatcher: Failed to fetch updates - TelegramConflictError: Telegram server says - Conflict: terminated by other getUpdates request; make sure that only one bot instance is running
2026-08-28 11:47:39,514 [WARNING] aiogram.dispatcher: Sleep for 4.974155 seconds and try again... (tryings = 227, bot id = 8654316556)
2026-08-28 11:47:51,287 [ERROR] aiogram.dispatcher: Failed to fetch updates - TelegramConflictError: Telegram server says - Conflict: terminated by other getUpdates request; make sure that only one bot instance is running
2026-08-28 11:47:51,287 [WARNING] aiogram.dispatcher: Sleep for 5.011218 seconds and try again... (tryings = 228, bot id = 8654316556)
2026-08-28 11:48:03,116 [ERROR] aiogram.dispatcher: Failed to fetch updates - TelegramConflictError: Telegram server says - Conflict: terminated by other getUpdates request; make sure that only one bot instance is running
2026-08-28 11:48:03,117 [WARNING] aiogram.dispatcher: Sleep for 5.045044 seconds and try again... (tryings = 229, bot id = 8654316556)
2026-08-28 11:48:14,970 [ERROR] aiogram.dispatcher: Failed to fetch updates - TelegramConflictError: Telegram server says - Conflict: terminated by other getUpdates request; make sure that only one bot instance is running
2026-08-28 11:48:14,971 [WARNING] aiogram.dispatcher: Sleep for 4.983566 seconds and try again... (tryings = 230, bot id = 8654316556)
2026-08-28 11:48:26,846 [ERROR] aiogram.dispatcher: Failed to fetch updates - TelegramConflictError: Telegram server says - Conflict: terminated by other getUpdates request; make sure that only one bot instance is running
2026-08-28 11:48:26,846 [WARNING] aiogram.dispatcher: Sleep for 5.094794 seconds and try again... (tryings = 231, bot id = 8654316556)
2026-08-28 11:48:38,879 [ERROR] aiogram.dispatcher: Failed to fetch updates - TelegramConflictError: Telegram server says - Conflict: terminated by other getUpdates request; make sure that only one bot instance is running
2026-08-28 11:48:38,879 [WARNING] aiogram.dispatcher: Sleep for 4.918173 seconds and try again... (tryings = 232, bot id = 8654316556)
2026-08-28 11:48:51,419 [ERROR] aiogram.dispatcher: Failed to fetch updates - TelegramConflictError: Telegram server says - Conflict: terminated by other getUpdates request; make sure that only one bot instance is running
2026-08-28 11:48:51,419 [WARNING] aiogram.dispatcher: Sleep for 5.004096 seconds and try again... (tryings = 233, bot id = 8654316556)
2026-08-28 11:49:03,258 [ERROR] aiogram.dispatcher: Failed to fetch updates - TelegramConflictError: Telegram server says - Conflict: terminated by other getUpdates request; make sure that only one bot instance is running
2026-08-28 11:49:03,259 [WARNING] aiogram.dispatcher: Sleep for 4.887581 seconds and try again... (tryings = 234, bot id = 8654316556)
2026-08-28 11:49:14,940 [ERROR] aiogram.dispatcher: Failed to fetch updates - TelegramConflictError: Telegram server says - Conflict: terminated by other getUpdates request; make sure that only one bot instance is running
2026-08-28 11:49:14,940 [WARNING] aiogram.dispatcher: Sleep for 5.029661 seconds and try again... (tryings = 235, bot id = 8654316556)
2026-08-28 11:49:26,775 [ERROR] aiogram.dispatcher: Failed to fetch updates - TelegramConflictError: Telegram server says - Conflict: terminated by other getUpdates request; make sure that only one bot instance is running
2026-08-28 11:49:26,776 [WARNING] aiogram.dispatcher: Sleep for 4.940769 seconds and try again... (tryings = 236, bot id = 8654316556)
2026-08-28 11:49:38,532 [ERROR] aiogram.dispatcher: Failed to fetch updates - TelegramConflictError: Telegram server says - Conflict: terminated by other getUpdates request; make sure that only one bot instance is running
2026-08-28 11:49:38,533 [WARNING] aiogram.dispatcher: Sleep for 5.046813 seconds and try again... (tryings = 237, bot id = 8654316556)
2026-08-28 11:49:50,398 [ERROR] aiogram.dispatcher: Failed to fetch updates - TelegramConflictError: Telegram server says - Conflict: terminated by other getUpdates request; make sure that only one bot instance is running
2026-08-28 11:49:50,399 [WARNING] aiogram.dispatcher: Sleep for 5.044708 seconds and try again... (tryings = 238, bot id = 8654316556)
2026-08-28 11:50:02,228 [ERROR] aiogram.dispatcher: Failed to fetch updates - TelegramConflictError: Telegram server says - Conflict: terminated by other getUpdates request; make sure that only one bot instance is running
2026-08-28 11:50:02,229 [WARNING] aiogram.dispatcher: Sleep for 4.995249 seconds and try again... (tryings = 239, bot id = 8654316556)
2026-08-28 11:50:13,999 [ERROR] aiogram.dispatcher: Failed to fetch updates - TelegramConflictError: Telegram server says - Conflict: terminated by other getUpdates request; make sure that only one bot instance is running
2026-08-28 11:50:14,000 [WARNING] aiogram.dispatcher: Sleep for 4.927919 seconds and try again... (tryings = 240, bot id = 8654316556)
2026-08-28 11:50:25,732 [ERROR] aiogram.dispatcher: Failed to fetch updates - TelegramConflictError: Telegram server says - Conflict: terminated by other getUpdates request; make sure that only one bot instance is running
2026-08-28 11:50:25,733 [WARNING] aiogram.dispatcher: Sleep for 5.338279 seconds and try again... (tryings = 241, bot id = 8654316556)
2026-08-28 11:50:37,879 [ERROR] aiogram.dispatcher: Failed to fetch updates - TelegramConflictError: Telegram server says - Conflict: terminated by other getUpdates request; make sure that only one bot instance is running
2026-08-28 11:50:37,880 [WARNING] aiogram.dispatcher: Sleep for 4.934600 seconds and try again... (tryings = 242, bot id = 8654316556)
2026-08-28 11:50:49,598 [ERROR] aiogram.dispatcher: Failed to fetch updates - TelegramConflictError: Telegram server says - Conflict: terminated by other getUpdates request; make sure that only one bot instance is running
2026-08-28 11:50:49,598 [WARNING] aiogram.dispatcher: Sleep for 5.121705 seconds and try again... (tryings = 243, bot id = 8654316556)
2026-08-28 11:51:01,529 [ERROR] aiogram.dispatcher: Failed to fetch updates - TelegramConflictError: Telegram server says - Conflict: terminated by other getUpdates request; make sure that only one bot instance is running
2026-08-28 11:51:01,529 [WARNING] aiogram.dispatcher: Sleep for 5.077418 seconds and try again... (tryings = 244, bot id = 8654316556)
2026-08-28 11:51:13,409 [ERROR] aiogram.dispatcher: Failed to fetch updates - TelegramConflictError: Telegram server says - Conflict: terminated by other getUpdates request; make sure that only one bot instance is running
2026-08-28 11:51:13,409 [WARNING] aiogram.dispatcher: Sleep for 4.880664 seconds and try again... (tryings = 245, bot id = 8654316556)
2026-08-28 11:51:25,089 [ERROR] aiogram.dispatcher: Failed to fetch updates - TelegramConflictError: Telegram server says - Conflict: terminated by other getUpdates request; make sure that only one bot instance is running
2026-08-28 11:51:25,090 [WARNING] aiogram.dispatcher: Sleep for 5.039642 seconds and try again... (tryings = 246, bot id = 8654316556)
2026-08-28 11:51:36,926 [ERROR] aiogram.dispatcher: Failed to fetch updates - TelegramConflictError: Telegram server says - Conflict: terminated by other getUpdates request; make sure that only one bot instance is running
2026-08-28 11:51:36,927 [WARNING] aiogram.dispatcher: Sleep for 4.910372 seconds and try again... (tryings = 247, bot id = 8654316556)
2026-08-28 11:51:48,649 [ERROR] aiogram.dispatcher: Failed to fetch updates - TelegramConflictError: Telegram server says - Conflict: terminated by other getUpdates request; make sure that only one bot instance is running
2026-08-28 11:51:48,649 [WARNING] aiogram.dispatcher: Sleep for 5.098786 seconds and try again... (tryings = 248, bot id = 8654316556)
2026-08-28 11:52:00,539 [ERROR] aiogram.dispatcher: Failed to fetch updates - TelegramConflictError: Telegram server says - Conflict: terminated by other getUpdates request; make sure that only one bot instance is running
2026-08-28 11:52:00,539 [WARNING] aiogram.dispatcher: Sleep for 4.999253 seconds and try again... (tryings = 249, bot id = 8654316556)
2026-08-28 11:52:12,324 [ERROR] aiogram.dispatcher: Failed to fetch updates - TelegramConflictError: Telegram server says - Conflict: terminated by other getUpdates request; make sure that only one bot instance is running
2026-08-28 11:52:12,324 [WARNING] aiogram.dispatcher: Sleep for 4.959541 seconds and try again... (tryings = 250, bot id = 8654316556)
2026-08-28 11:52:24,079 [ERROR] aiogram.dispatcher: Failed to fetch updates - TelegramConflictError: Telegram server says - Conflict: terminated by other getUpdates request; make sure that only one bot instance is running
2026-08-28 11:52:24,080 [WARNING] aiogram.dispatcher: Sleep for 4.879186 seconds and try again... (tryings = 251, bot id = 8654316556)
2026-08-28 11:52:35,758 [ERROR] aiogram.dispatcher: Failed to fetch updates - TelegramConflictError: Telegram server says - Conflict: terminated by other getUpdates request; make sure that only one bot instance is running
2026-08-28 11:52:35,758 [WARNING] aiogram.dispatcher: Sleep for 5.035996 seconds and try again... (tryings = 252, bot id = 8654316556)
2026-08-28 11:52:47,584 [ERROR] aiogram.dispatcher: Failed to fetch updates - TelegramConflictError: Telegram server says - Conflict: terminated by other getUpdates request; make sure that only one bot instance is running
2026-08-28 11:52:47,585 [WARNING] aiogram.dispatcher: Sleep for 4.875458 seconds and try again... (tryings = 253, bot id = 8654316556)
2026-08-28 11:52:59,279 [ERROR] aiogram.dispatcher: Failed to fetch updates - TelegramConflictError: Telegram server says - Conflict: terminated by other getUpdates request; make sure that only one bot instance is running
2026-08-28 11:52:59,279 [WARNING] aiogram.dispatcher: Sleep for 5.024964 seconds and try again... (tryings = 254, bot id = 8654316556)
2026-08-28 11:53:11,095 [ERROR] aiogram.dispatcher: Failed to fetch updates - TelegramConflictError: Telegram server says - Conflict: terminated by other getUpdates request; make sure that only one bot instance is running
2026-08-28 11:53:11,095 [WARNING] aiogram.dispatcher: Sleep for 5.058197 seconds and try again... (tryings = 255, bot id = 8654316556)
2026-08-28 11:53:22,946 [ERROR] aiogram.dispatcher: Failed to fetch updates - TelegramConflictError: Telegram server says - Conflict: terminated by other getUpdates request; make sure that only one bot instance is running
2026-08-28 11:53:22,947 [WARNING] aiogram.dispatcher: Sleep for 5.028292 seconds and try again... (tryings = 256, bot id = 8654316556)
2026-08-28 11:53:34,923 [ERROR] aiogram.dispatcher: Failed to fetch updates - TelegramConflictError: Telegram server says - Conflict: terminated by other getUpdates request; make sure that only one bot instance is running
2026-08-28 11:53:34,923 [WARNING] aiogram.dispatcher: Sleep for 4.950037 seconds and try again... (tryings = 257, bot id = 8654316556)
2026-08-28 11:53:46,684 [ERROR] aiogram.dispatcher: Failed to fetch updates - TelegramConflictError: Telegram server says - Conflict: terminated by other getUpdates request; make sure that only one bot instance is running
2026-08-28 11:53:46,685 [WARNING] aiogram.dispatcher: Sleep for 4.866746 seconds and try again... (tryings = 258, bot id = 8654316556)
2026-08-28 11:53:58,343 [ERROR] aiogram.dispatcher: Failed to fetch updates - TelegramConflictError: Telegram server says - Conflict: terminated by other getUpdates request; make sure that only one bot instance is running
2026-08-28 11:53:58,344 [WARNING] aiogram.dispatcher: Sleep for 4.849205 seconds and try again... (tryings = 259, bot id = 8654316556)
2026-08-28 11:54:10,018 [ERROR] aiogram.dispatcher: Failed to fetch updates - TelegramConflictError: Telegram server says - Conflict: terminated by other getUpdates request; make sure that only one bot instance is running
2026-08-28 11:54:10,018 [WARNING] aiogram.dispatcher: Sleep for 5.022954 seconds and try again... (tryings = 260, bot id = 8654316556)
2026-08-28 11:54:21,908 [ERROR] aiogram.dispatcher: Failed to fetch updates - TelegramConflictError: Telegram server says - Conflict: terminated by other getUpdates request; make sure that only one bot instance is running
2026-08-28 11:54:21,909 [WARNING] aiogram.dispatcher: Sleep for 4.972644 seconds and try again... (tryings = 261, bot id = 8654316556)
2026-08-28 11:54:33,718 [ERROR] aiogram.dispatcher: Failed to fetch updates - TelegramConflictError: Telegram server says - Conflict: terminated by other getUpdates request; make sure that only one bot instance is running
2026-08-28 11:54:33,719 [WARNING] aiogram.dispatcher: Sleep for 5.051470 seconds and try again... (tryings = 262, bot id = 8654316556)
2026-08-28 11:54:45,598 [ERROR] aiogram.dispatcher: Failed to fetch updates - TelegramConflictError: Telegram server says - Conflict: terminated by other getUpdates request; make sure that only one bot instance is running
2026-08-28 11:54:45,599 [WARNING] aiogram.dispatcher: Sleep for 4.859718 seconds and try again... (tryings = 263, bot id = 8654316556)
2026-08-28 11:54:57,269 [ERROR] aiogram.dispatcher: Failed to fetch updates - TelegramConflictError: Telegram server says - Conflict: terminated by other getUpdates request; make sure that only one bot instance is running
2026-08-28 11:54:57,269 [WARNING] aiogram.dispatcher: Sleep for 5.003766 seconds and try again... (tryings = 264, bot id = 8654316556)
2026-08-28 11:55:09,098 [ERROR] aiogram.dispatcher: Failed to fetch updates - TelegramConflictError: Telegram server says - Conflict: terminated by other getUpdates request; make sure that only one bot instance is running
2026-08-28 11:55:09,098 [WARNING] aiogram.dispatcher: Sleep for 5.144550 seconds and try again... (tryings = 265, bot id = 8654316556)
2026-08-28 11:55:21,088 [ERROR] aiogram.dispatcher: Failed to fetch updates - TelegramConflictError: Telegram server says - Conflict: terminated by other getUpdates request; make sure that only one bot instance is running
2026-08-28 11:55:21,088 [WARNING] aiogram.dispatcher: Sleep for 4.976435 seconds and try again... (tryings = 266, bot id = 8654316556)
2026-08-28 11:55:32,887 [ERROR] aiogram.dispatcher: Failed to fetch updates - TelegramConflictError: Telegram server says - Conflict: terminated by other getUpdates request; make sure that only one bot instance is running
2026-08-28 11:55:32,887 [WARNING] aiogram.dispatcher: Sleep for 5.066635 seconds and try again... (tryings = 267, bot id = 8654316556)
2026-08-28 11:55:44,770 [ERROR] aiogram.dispatcher: Failed to fetch updates - TelegramConflictError: Telegram server says - Conflict: terminated by other getUpdates request; make sure that only one bot instance is running
2026-08-28 11:55:44,771 [WARNING] aiogram.dispatcher: Sleep for 4.986033 seconds and try again... (tryings = 268, bot id = 8654316556)
2026-08-28 11:55:56,567 [ERROR] aiogram.dispatcher: Failed to fetch updates - TelegramConflictError: Telegram server says - Conflict: terminated by other getUpdates request; make sure that only one bot instance is running
2026-08-28 11:55:56,567 [WARNING] aiogram.dispatcher: Sleep for 5.002291 seconds and try again... (tryings = 269, bot id = 8654316556)
2026-08-28 11:56:08,393 [ERROR] aiogram.dispatcher: Failed to fetch updates - TelegramConflictError: Telegram server says - Conflict: terminated by other getUpdates request; make sure that only one bot instance is running
2026-08-28 11:56:08,393 [WARNING] aiogram.dispatcher: Sleep for 5.144548 seconds and try again... (tryings = 270, bot id = 8654316556)
2026-08-28 11:56:20,355 [ERROR] aiogram.dispatcher: Failed to fetch updates - TelegramConflictError: Telegram server says - Conflict: terminated by other getUpdates request; make sure that only one bot instance is running
2026-08-28 11:56:20,356 [WARNING] aiogram.dispatcher: Sleep for 5.121207 seconds and try again... (tryings = 271, bot id = 8654316556)
2026-08-28 11:56:32,271 [ERROR] aiogram.dispatcher: Failed to fetch updates - TelegramConflictError: Telegram server says - Conflict: terminated by other getUpdates request; make sure that only one bot instance is running
2026-08-28 11:56:32,271 [WARNING] aiogram.dispatcher: Sleep for 4.889948 seconds and try again... (tryings = 272, bot id = 8654316556)
2026-08-28 11:56:43,971 [ERROR] aiogram.dispatcher: Failed to fetch updates - TelegramConflictError: Telegram server says - Conflict: terminated by other getUpdates request; make sure that only one bot instance is running
2026-08-28 11:56:43,972 [WARNING] aiogram.dispatcher: Sleep for 4.842759 seconds and try again... (tryings = 273, bot id = 8654316556)
2026-08-28 11:56:55,623 [ERROR] aiogram.dispatcher: Failed to fetch updates - TelegramConflictError: Telegram server says - Conflict: terminated by other getUpdates request; make sure that only one bot instance is running
2026-08-28 11:56:55,623 [WARNING] aiogram.dispatcher: Sleep for 5.069888 seconds and try again... (tryings = 274, bot id = 8654316556)
2026-08-28 11:57:07,485 [ERROR] aiogram.dispatcher: Failed to fetch updates - TelegramConflictError: Telegram server says - Conflict: terminated by other getUpdates request; make sure that only one bot instance is running
2026-08-28 11:57:07,485 [WARNING] aiogram.dispatcher: Sleep for 5.034525 seconds and try again... (tryings = 275, bot id = 8654316556)
2026-08-28 11:57:19,361 [ERROR] aiogram.dispatcher: Failed to fetch updates - TelegramConflictError: Telegram server says - Conflict: terminated by other getUpdates request; make sure that only one bot instance is running
2026-08-28 11:57:19,361 [WARNING] aiogram.dispatcher: Sleep for 4.853808 seconds and try again... (tryings = 276, bot id = 8654316556)
2026-08-28 11:57:31,024 [ERROR] aiogram.dispatcher: Failed to fetch updates - TelegramConflictError: Telegram server says - Conflict: terminated by other getUpdates request; make sure that only one bot instance is running
2026-08-28 11:57:31,024 [WARNING] aiogram.dispatcher: Sleep for 5.143269 seconds and try again... (tryings = 277, bot id = 8654316556)
2026-08-28 11:57:42,968 [ERROR] aiogram.dispatcher: Failed to fetch updates - TelegramConflictError: Telegram server says - Conflict: terminated by other getUpdates request; make sure that only one bot instance is running
2026-08-28 11:57:42,969 [WARNING] aiogram.dispatcher: Sleep for 5.084832 seconds and try again... (tryings = 278, bot id = 8654316556)
2026-08-28 11:57:54,864 [ERROR] aiogram.dispatcher: Failed to fetch updates - TelegramConflictError: Telegram server says - Conflict: terminated by other getUpdates request; make sure that only one bot instance is running
2026-08-28 11:57:54,864 [WARNING] aiogram.dispatcher: Sleep for 4.828924 seconds and try again... (tryings = 279, bot id = 8654316556)
2026-08-28 11:58:06,498 [ERROR] aiogram.dispatcher: Failed to fetch updates - TelegramConflictError: Telegram server says - Conflict: terminated by other getUpdates request; make sure that only one bot instance is running
2026-08-28 11:58:06,499 [WARNING] aiogram.dispatcher: Sleep for 5.031258 seconds and try again... (tryings = 280, bot id = 8654316556)
2026-08-28 11:58:18,344 [ERROR] aiogram.dispatcher: Failed to fetch updates - TelegramConflictError: Telegram server says - Conflict: terminated by other getUpdates request; make sure that only one bot instance is running
2026-08-28 11:58:18,345 [WARNING] aiogram.dispatcher: Sleep for 4.829315 seconds and try again... (tryings = 281, bot id = 8654316556)
2026-08-28 11:58:30,009 [ERROR] aiogram.dispatcher: Failed to fetch updates - TelegramConflictError: Telegram server says - Conflict: terminated by other getUpdates request; make sure that only one bot instance is running
2026-08-28 11:58:30,009 [WARNING] aiogram.dispatcher: Sleep for 4.940149 seconds and try again... (tryings = 282, bot id = 8654316556)
2026-08-28 11:58:42,396 [ERROR] aiogram.dispatcher: Failed to fetch updates - TelegramConflictError: Telegram server says - Conflict: terminated by other getUpdates request; make sure that only one bot instance is running
2026-08-28 11:58:42,396 [WARNING] aiogram.dispatcher: Sleep for 4.956879 seconds and try again... (tryings = 283, bot id = 8654316556)
2026-08-28 11:58:54,149 [ERROR] aiogram.dispatcher: Failed to fetch updates - TelegramConflictError: Telegram server says - Conflict: terminated by other getUpdates request; make sure that only one bot instance is running
2026-08-28 11:58:54,149 [WARNING] aiogram.dispatcher: Sleep for 5.057155 seconds and try again... (tryings = 284, bot id = 8654316556)
2026-08-28 11:59:05,992 [ERROR] aiogram.dispatcher: Failed to fetch updates - TelegramConflictError: Telegram server says - Conflict: terminated by other getUpdates request; make sure that only one bot instance is running
2026-08-28 11:59:05,992 [WARNING] aiogram.dispatcher: Sleep for 4.872251 seconds and try again... (tryings = 285, bot id = 8654316556)
2026-08-28 11:59:17,662 [ERROR] aiogram.dispatcher: Failed to fetch updates - TelegramConflictError: Telegram server says - Conflict: terminated by other getUpdates request; make sure that only one bot instance is running
2026-08-28 11:59:17,662 [WARNING] aiogram.dispatcher: Sleep for 4.970104 seconds and try again... (tryings = 286, bot id = 8654316556)
2026-08-28 11:59:29,460 [ERROR] aiogram.dispatcher: Failed to fetch updates - TelegramConflictError: Telegram server says - Conflict: terminated by other getUpdates request; make sure that only one bot instance is running
2026-08-28 11:59:29,461 [WARNING] aiogram.dispatcher: Sleep for 5.082830 seconds and try again... (tryings = 287, bot id = 8654316556)
2026-08-28 11:59:41,343 [ERROR] aiogram.dispatcher: Failed to fetch updates - TelegramConflictError: Telegram server says - Conflict: terminated by other getUpdates request; make sure that only one bot instance is running
2026-08-28 11:59:41,344 [WARNING] aiogram.dispatcher: Sleep for 4.961766 seconds and try again... (tryings = 288, bot id = 8654316556)
2026-08-28 11:59:53,106 [ERROR] aiogram.dispatcher: Failed to fetch updates - TelegramConflictError: Telegram server says - Conflict: terminated by other getUpdates request; make sure that only one bot instance is running
2026-08-28 11:59:53,106 [WARNING] aiogram.dispatcher: Sleep for 5.028642 seconds and try again... (tryings = 289, bot id = 8654316556)
2026-08-28 12:00:04,907 [ERROR] aiogram.dispatcher: Failed to fetch updates - TelegramConflictError: Telegram server says - Conflict: terminated by other getUpdates request; make sure that only one bot instance is running
2026-08-28 12:00:04,908 [WARNING] aiogram.dispatcher: Sleep for 5.085357 seconds and try again... (tryings = 290, bot id = 8654316556)
2026-08-28 12:00:16,791 [ERROR] aiogram.dispatcher: Failed to fetch updates - TelegramConflictError: Telegram server says - Conflict: terminated by other getUpdates request; make sure that only one bot instance is running
2026-08-28 12:00:16,791 [WARNING] aiogram.dispatcher: Sleep for 4.908334 seconds and try again... (tryings = 291, bot id = 8654316556)
2026-08-28 12:00:28,509 [ERROR] aiogram.dispatcher: Failed to fetch updates - TelegramConflictError: Telegram server says - Conflict: terminated by other getUpdates request; make sure that only one bot instance is running
2026-08-28 12:00:28,509 [WARNING] aiogram.dispatcher: Sleep for 4.840443 seconds and try again... (tryings = 292, bot id = 8654316556)
2026-08-28 12:00:40,169 [ERROR] aiogram.dispatcher: Failed to fetch updates - TelegramConflictError: Telegram server says - Conflict: terminated by other getUpdates request; make sure that only one bot instance is running
2026-08-28 12:00:40,169 [WARNING] aiogram.dispatcher: Sleep for 5.040554 seconds and try again... (tryings = 293, bot id = 8654316556)
2026-08-28 12:00:52,001 [ERROR] aiogram.dispatcher: Failed to fetch updates - TelegramConflictError: Telegram server says - Conflict: terminated by other getUpdates request; make sure that only one bot instance is running
2026-08-28 12:00:52,001 [WARNING] aiogram.dispatcher: Sleep for 4.857974 seconds and try again... (tryings = 294, bot id = 8654316556)
2026-08-28 12:01:03,657 [ERROR] aiogram.dispatcher: Failed to fetch updates - TelegramConflictError: Telegram server says - Conflict: terminated by other getUpdates request; make sure that only one bot instance is running
2026-08-28 12:01:03,657 [WARNING] aiogram.dispatcher: Sleep for 4.957652 seconds and try again... (tryings = 295, bot id = 8654316556)
2026-08-28 12:01:15,426 [ERROR] aiogram.dispatcher: Failed to fetch updates - TelegramConflictError: Telegram server says - Conflict: terminated by other getUpdates request; make sure that only one bot instance is running
2026-08-28 12:01:15,427 [WARNING] aiogram.dispatcher: Sleep for 5.065658 seconds and try again... (tryings = 296, bot id = 8654316556)
2026-08-28 12:01:27,317 [ERROR] aiogram.dispatcher: Failed to fetch updates - TelegramConflictError: Telegram server says - Conflict: terminated by other getUpdates request; make sure that only one bot instance is running
2026-08-28 12:01:27,318 [WARNING] aiogram.dispatcher: Sleep for 5.031194 seconds and try again... (tryings = 297, bot id = 8654316556)
2026-08-28 12:01:39,146 [ERROR] aiogram.dispatcher: Failed to fetch updates - TelegramConflictError: Telegram server says - Conflict: terminated by other getUpdates request; make sure that only one bot instance is running
2026-08-28 12:01:39,146 [WARNING] aiogram.dispatcher: Sleep for 5.039865 seconds and try again... (tryings = 298, bot id = 8654316556)
2026-08-28 12:01:50,982 [ERROR] aiogram.dispatcher: Failed to fetch updates - TelegramConflictError: Telegram server says - Conflict: terminated by other getUpdates request; make sure that only one bot instance is running
2026-08-28 12:01:50,982 [WARNING] aiogram.dispatcher: Sleep for 5.186441 seconds and try again... (tryings = 299, bot id = 8654316556)
2026-08-28 12:02:02,964 [ERROR] aiogram.dispatcher: Failed to fetch updates - TelegramConflictError: Telegram server says - Conflict: terminated by other getUpdates request; make sure that only one bot instance is running
2026-08-28 12:02:02,965 [WARNING] aiogram.dispatcher: Sleep for 5.056485 seconds and try again... (tryings = 300, bot id = 8654316556)
2026-08-28 12:02:14,809 [ERROR] aiogram.dispatcher: Failed to fetch updates - TelegramConflictError: Telegram server says - Conflict: terminated by other getUpdates request; make sure that only one bot instance is running
2026-08-28 12:02:14,809 [WARNING] aiogram.dispatcher: Sleep for 5.037642 seconds and try again... (tryings = 301, bot id = 8654316556)
2026-08-28 12:02:26,646 [ERROR] aiogram.dispatcher: Failed to fetch updates - TelegramConflictError: Telegram server says - Conflict: terminated by other getUpdates request; make sure that only one bot instance is running
2026-08-28 12:02:26,646 [WARNING] aiogram.dispatcher: Sleep for 5.012402 seconds and try again... (tryings = 302, bot id = 8654316556)
2026-08-28 12:02:38,450 [ERROR] aiogram.dispatcher: Failed to fetch updates - TelegramConflictError: Telegram server says - Conflict: terminated by other getUpdates request; make sure that only one bot instance is running
2026-08-28 12:02:38,451 [WARNING] aiogram.dispatcher: Sleep for 4.870186 seconds and try again... (tryings = 303, bot id = 8654316556)
2026-08-28 12:02:50,107 [ERROR] aiogram.dispatcher: Failed to fetch updates - TelegramConflictError: Telegram server says - Conflict: terminated by other getUpdates request; make sure that only one bot instance is running
2026-08-28 12:02:50,107 [WARNING] aiogram.dispatcher: Sleep for 4.993405 seconds and try again... (tryings = 304, bot id = 8654316556)
2026-08-28 12:03:01,932 [ERROR] aiogram.dispatcher: Failed to fetch updates - TelegramConflictError: Telegram server says - Conflict: terminated by other getUpdates request; make sure that only one bot instance is running
2026-08-28 12:03:01,933 [WARNING] aiogram.dispatcher: Sleep for 4.918974 seconds and try again... (tryings = 305, bot id = 8654316556)
2026-08-28 12:03:14,032 [ERROR] aiogram.dispatcher: Failed to fetch updates - TelegramConflictError: Telegram server says - Conflict: terminated by other getUpdates request; make sure that only one bot instance is running
2026-08-28 12:03:14,032 [WARNING] aiogram.dispatcher: Sleep for 5.094787 seconds and try again... (tryings = 306, bot id = 8654316556)
2026-08-28 12:03:25,953 [ERROR] aiogram.dispatcher: Failed to fetch updates - TelegramConflictError: Telegram server says - Conflict: terminated by other getUpdates request; make sure that only one bot instance is running
2026-08-28 12:03:25,953 [WARNING] aiogram.dispatcher: Sleep for 5.065273 seconds and try again... (tryings = 307, bot id = 8654316556)
2026-08-28 12:03:37,836 [ERROR] aiogram.dispatcher: Failed to fetch updates - TelegramConflictError: Telegram server says - Conflict: terminated by other getUpdates request; make sure that only one bot instance is running
2026-08-28 12:03:37,837 [WARNING] aiogram.dispatcher: Sleep for 5.170096 seconds and try again... (tryings = 308, bot id = 8654316556)
2026-08-28 12:03:49,937 [ERROR] aiogram.dispatcher: Failed to fetch updates - TelegramConflictError: Telegram server says - Conflict: terminated by other getUpdates request; make sure that only one bot instance is running
2026-08-28 12:03:49,937 [WARNING] aiogram.dispatcher: Sleep for 4.911308 seconds and try again... (tryings = 309, bot id = 8654316556)
2026-08-28 12:04:01,647 [ERROR] aiogram.dispatcher: Failed to fetch updates - TelegramConflictError: Telegram server says - Conflict: terminated by other getUpdates request; make sure that only one bot instance is running
2026-08-28 12:04:01,648 [WARNING] aiogram.dispatcher: Sleep for 4.824059 seconds and try again... (tryings = 310, bot id = 8654316556)
2026-08-28 12:04:13,279 [ERROR] aiogram.dispatcher: Failed to fetch updates - TelegramConflictError: Telegram server says - Conflict: terminated by other getUpdates request; make sure that only one bot instance is running
2026-08-28 12:04:13,280 [WARNING] aiogram.dispatcher: Sleep for 5.028205 seconds and try again... (tryings = 311, bot id = 8654316556)
2026-08-28 12:04:25,117 [ERROR] aiogram.dispatcher: Failed to fetch updates - TelegramConflictError: Telegram server says - Conflict: terminated by other getUpdates request; make sure that only one bot instance is running
2026-08-28 12:04:25,117 [WARNING] aiogram.dispatcher: Sleep for 5.004607 seconds and try again... (tryings = 312, bot id = 8654316556)
2026-08-28 12:04:36,908 [ERROR] aiogram.dispatcher: Failed to fetch updates - TelegramConflictError: Telegram server says - Conflict: terminated by other getUpdates request; make sure that only one bot instance is running
2026-08-28 12:04:36,908 [WARNING] aiogram.dispatcher: Sleep for 5.070722 seconds and try again... (tryings = 313, bot id = 8654316556)
2026-08-28 12:04:48,904 [ERROR] aiogram.dispatcher: Failed to fetch updates - TelegramConflictError: Telegram server says - Conflict: terminated by other getUpdates request; make sure that only one bot instance is running
2026-08-28 12:04:48,904 [WARNING] aiogram.dispatcher: Sleep for 4.969362 seconds and try again... (tryings = 314, bot id = 8654316556)
2026-08-28 12:05:00,648 [ERROR] aiogram.dispatcher: Failed to fetch updates - TelegramConflictError: Telegram server says - Conflict: terminated by other getUpdates request; make sure that only one bot instance is running
2026-08-28 12:05:00,649 [WARNING] aiogram.dispatcher: Sleep for 4.995859 seconds and try again... (tryings = 315, bot id = 8654316556)
2026-08-28 12:05:12,440 [ERROR] aiogram.dispatcher: Failed to fetch updates - TelegramConflictError: Telegram server says - Conflict: terminated by other getUpdates request; make sure that only one bot instance is running
2026-08-28 12:05:12,441 [WARNING] aiogram.dispatcher: Sleep for 4.784127 seconds and try again... (tryings = 316, bot id = 8654316556)
2026-08-28 12:05:24,044 [ERROR] aiogram.dispatcher: Failed to fetch updates - TelegramConflictError: Telegram server says - Conflict: terminated by other getUpdates request; make sure that only one bot instance is running
2026-08-28 12:05:24,044 [WARNING] aiogram.dispatcher: Sleep for 4.911766 seconds and try again... (tryings = 317, bot id = 8654316556)
2026-08-28 12:05:35,732 [ERROR] aiogram.dispatcher: Failed to fetch updates - TelegramConflictError: Telegram server says - Conflict: terminated by other getUpdates request; make sure that only one bot instance is running
2026-08-28 12:05:35,732 [WARNING] aiogram.dispatcher: Sleep for 4.977838 seconds and try again... (tryings = 318, bot id = 8654316556)
2026-08-28 12:05:47,508 [ERROR] aiogram.dispatcher: Failed to fetch updates - TelegramConflictError: Telegram server says - Conflict: terminated by other getUpdates request; make sure that only one bot instance is running
2026-08-28 12:05:47,508 [WARNING] aiogram.dispatcher: Sleep for 5.049183 seconds and try again... (tryings = 319, bot id = 8654316556)
2026-08-28 12:05:59,368 [ERROR] aiogram.dispatcher: Failed to fetch updates - TelegramConflictError: Telegram server says - Conflict: terminated by other getUpdates request; make sure that only one bot instance is running
2026-08-28 12:05:59,369 [WARNING] aiogram.dispatcher: Sleep for 5.030807 seconds and try again... (tryings = 320, bot id = 8654316556)
2026-08-28 12:06:11,228 [ERROR] aiogram.dispatcher: Failed to fetch updates - TelegramConflictError: Telegram server says - Conflict: terminated by other getUpdates request; make sure that only one bot instance is running
2026-08-28 12:06:11,228 [WARNING] aiogram.dispatcher: Sleep for 4.878621 seconds and try again... (tryings = 321, bot id = 8654316556)
2026-08-28 12:06:22,901 [ERROR] aiogram.dispatcher: Failed to fetch updates - TelegramConflictError: Telegram server says - Conflict: terminated by other getUpdates request; make sure that only one bot instance is running
2026-08-28 12:06:22,902 [WARNING] aiogram.dispatcher: Sleep for 4.999511 seconds and try again... (tryings = 322, bot id = 8654316556)
2026-08-28 12:06:34,660 [ERROR] aiogram.dispatcher: Failed to fetch updates - TelegramConflictError: Telegram server says - Conflict: terminated by other getUpdates request; make sure that only one bot instance is running
2026-08-28 12:06:34,660 [WARNING] aiogram.dispatcher: Sleep for 4.923106 seconds and try again... (tryings = 323, bot id = 8654316556)
2026-08-28 12:06:46,456 [ERROR] aiogram.dispatcher: Failed to fetch updates - TelegramConflictError: Telegram server says - Conflict: terminated by other getUpdates request; make sure that only one bot instance is running
2026-08-28 12:06:46,456 [WARNING] aiogram.dispatcher: Sleep for 5.117209 seconds and try again... (tryings = 324, bot id = 8654316556)
2026-08-28 12:06:58,424 [ERROR] aiogram.dispatcher: Failed to fetch updates - TelegramConflictError: Telegram server says - Conflict: terminated by other getUpdates request; make sure that only one bot instance is running
2026-08-28 12:06:58,425 [WARNING] aiogram.dispatcher: Sleep for 4.913631 seconds and try again... (tryings = 325, bot id = 8654316556)
2026-08-28 12:07:10,136 [ERROR] aiogram.dispatcher: Failed to fetch updates - TelegramConflictError: Telegram server says - Conflict: terminated by other getUpdates request; make sure that only one bot instance is running
2026-08-28 12:07:10,137 [WARNING] aiogram.dispatcher: Sleep for 5.017510 seconds and try again... (tryings = 326, bot id = 8654316556)
2026-08-28 12:07:21,977 [ERROR] aiogram.dispatcher: Failed to fetch updates - TelegramConflictError: Telegram server says - Conflict: terminated by other getUpdates request; make sure that only one bot instance is running
2026-08-28 12:07:21,978 [WARNING] aiogram.dispatcher: Sleep for 5.099043 seconds and try again... (tryings = 327, bot id = 8654316556)
2026-08-28 12:07:33,885 [ERROR] aiogram.dispatcher: Failed to fetch updates - TelegramConflictError: Telegram server says - Conflict: terminated by other getUpdates request; make sure that only one bot instance is running
2026-08-28 12:07:33,886 [WARNING] aiogram.dispatcher: Sleep for 4.895743 seconds and try again... (tryings = 328, bot id = 8654316556)
2026-08-28 12:07:45,591 [ERROR] aiogram.dispatcher: Failed to fetch updates - TelegramConflictError: Telegram server says - Conflict: terminated by other getUpdates request; make sure that only one bot instance is running
2026-08-28 12:07:45,591 [WARNING] aiogram.dispatcher: Sleep for 4.856804 seconds and try again... (tryings = 329, bot id = 8654316556)
2026-08-28 12:07:57,235 [ERROR] aiogram.dispatcher: Failed to fetch updates - TelegramConflictError: Telegram server says - Conflict: terminated by other getUpdates request; make sure that only one bot instance is running
2026-08-28 12:07:57,235 [WARNING] aiogram.dispatcher: Sleep for 4.770506 seconds and try again... (tryings = 330, bot id = 8654316556)
2026-08-28 12:08:08,786 [ERROR] aiogram.dispatcher: Failed to fetch updates - TelegramConflictError: Telegram server says - Conflict: terminated by other getUpdates request; make sure that only one bot instance is running
2026-08-28 12:08:08,786 [WARNING] aiogram.dispatcher: Sleep for 4.939460 seconds and try again... (tryings = 331, bot id = 8654316556)
2026-08-28 12:08:20,528 [ERROR] aiogram.dispatcher: Failed to fetch updates - TelegramConflictError: Telegram server says - Conflict: terminated by other getUpdates request; make sure that only one bot instance is running
2026-08-28 12:08:20,528 [WARNING] aiogram.dispatcher: Sleep for 4.915053 seconds and try again... (tryings = 332, bot id = 8654316556)
2026-08-28 12:08:32,246 [ERROR] aiogram.dispatcher: Failed to fetch updates - TelegramConflictError: Telegram server says - Conflict: terminated by other getUpdates request; make sure that only one bot instance is running
2026-08-28 12:08:32,246 [WARNING] aiogram.dispatcher: Sleep for 4.933119 seconds and try again... (tryings = 333, bot id = 8654316556)
2026-08-28 12:08:43,976 [ERROR] aiogram.dispatcher: Failed to fetch updates - TelegramConflictError: Telegram server says - Conflict: terminated by other getUpdates request; make sure that only one bot instance is running
2026-08-28 12:08:43,976 [WARNING] aiogram.dispatcher: Sleep for 5.096133 seconds and try again... (tryings = 334, bot id = 8654316556)
2026-08-28 12:08:55,846 [ERROR] aiogram.dispatcher: Failed to fetch updates - TelegramConflictError: Telegram server says - Conflict: terminated by other getUpdates request; make sure that only one bot instance is running
2026-08-28 12:08:55,846 [WARNING] aiogram.dispatcher: Sleep for 4.994172 seconds and try again... (tryings = 335, bot id = 8654316556)
2026-08-28 12:09:07,651 [ERROR] aiogram.dispatcher: Failed to fetch updates - TelegramConflictError: Telegram server says - Conflict: terminated by other getUpdates request; make sure that only one bot instance is running
2026-08-28 12:09:07,651 [WARNING] aiogram.dispatcher: Sleep for 5.102425 seconds and try again... (tryings = 336, bot id = 8654316556)
2026-08-28 12:09:19,559 [ERROR] aiogram.dispatcher: Failed to fetch updates - TelegramConflictError: Telegram server says - Conflict: terminated by other getUpdates request; make sure that only one bot instance is running
2026-08-28 12:09:19,559 [WARNING] aiogram.dispatcher: Sleep for 5.031417 seconds and try again... (tryings = 337, bot id = 8654316556)
2026-08-28 12:09:31,371 [ERROR] aiogram.dispatcher: Failed to fetch updates - TelegramConflictError: Telegram server says - Conflict: terminated by other getUpdates request; make sure that only one bot instance is running
2026-08-28 12:09:31,372 [WARNING] aiogram.dispatcher: Sleep for 4.919404 seconds and try again... (tryings = 338, bot id = 8654316556)
2026-08-28 12:09:43,085 [ERROR] aiogram.dispatcher: Failed to fetch updates - TelegramConflictError: Telegram server says - Conflict: terminated by other getUpdates request; make sure that only one bot instance is running
2026-08-28 12:09:43,085 [WARNING] aiogram.dispatcher: Sleep for 5.139330 seconds and try again... (tryings = 339, bot id = 8654316556)
2026-08-28 12:09:55,149 [ERROR] aiogram.dispatcher: Failed to fetch updates - TelegramConflictError: Telegram server says - Conflict: terminated by other getUpdates request; make sure that only one bot instance is running
2026-08-28 12:09:55,149 [WARNING] aiogram.dispatcher: Sleep for 4.873105 seconds and try again... (tryings = 340, bot id = 8654316556)
2026-08-28 12:10:06,838 [ERROR] aiogram.dispatcher: Failed to fetch updates - TelegramConflictError: Telegram server says - Conflict: terminated by other getUpdates request; make sure that only one bot instance is running
2026-08-28 12:10:06,838 [WARNING] aiogram.dispatcher: Sleep for 4.981295 seconds and try again... (tryings = 341, bot id = 8654316556)
2026-08-28 12:10:18,663 [ERROR] aiogram.dispatcher: Failed to fetch updates - TelegramConflictError: Telegram server says - Conflict: terminated by other getUpdates request; make sure that only one bot instance is running
2026-08-28 12:10:18,664 [WARNING] aiogram.dispatcher: Sleep for 4.857999 seconds and try again... (tryings = 342, bot id = 8654316556)
2026-08-28 12:10:30,321 [ERROR] aiogram.dispatcher: Failed to fetch updates - TelegramConflictError: Telegram server says - Conflict: terminated by other getUpdates request; make sure that only one bot instance is running
2026-08-28 12:10:30,321 [WARNING] aiogram.dispatcher: Sleep for 5.002308 seconds and try again... (tryings = 343, bot id = 8654316556)
2026-08-28 12:10:42,129 [ERROR] aiogram.dispatcher: Failed to fetch updates - TelegramConflictError: Telegram server says - Conflict: terminated by other getUpdates request; make sure that only one bot instance is running
2026-08-28 12:10:42,130 [WARNING] aiogram.dispatcher: Sleep for 5.013020 seconds and try again... (tryings = 344, bot id = 8654316556)
2026-08-28 12:10:53,947 [ERROR] aiogram.dispatcher: Failed to fetch updates - TelegramConflictError: Telegram server says - Conflict: terminated by other getUpdates request; make sure that only one bot instance is running
2026-08-28 12:10:53,947 [WARNING] aiogram.dispatcher: Sleep for 4.956951 seconds and try again... (tryings = 345, bot id = 8654316556)
2026-08-28 12:11:05,700 [ERROR] aiogram.dispatcher: Failed to fetch updates - TelegramConflictError: Telegram server says - Conflict: terminated by other getUpdates request; make sure that only one bot instance is running
2026-08-28 12:11:05,701 [WARNING] aiogram.dispatcher: Sleep for 5.012383 seconds and try again... (tryings = 346, bot id = 8654316556)
2026-08-28 12:11:17,508 [ERROR] aiogram.dispatcher: Failed to fetch updates - TelegramConflictError: Telegram server says - Conflict: terminated by other getUpdates request; make sure that only one bot instance is running
2026-08-28 12:11:17,508 [WARNING] aiogram.dispatcher: Sleep for 5.004821 seconds and try again... (tryings = 347, bot id = 8654316556)
2026-08-28 12:11:29,329 [ERROR] aiogram.dispatcher: Failed to fetch updates - TelegramConflictError: Telegram server says - Conflict: terminated by other getUpdates request; make sure that only one bot instance is running
2026-08-28 12:11:29,330 [WARNING] aiogram.dispatcher: Sleep for 5.004138 seconds and try again... (tryings = 348, bot id = 8654316556)
2026-08-28 12:11:41,167 [ERROR] aiogram.dispatcher: Failed to fetch updates - TelegramConflictError: Telegram server says - Conflict: terminated by other getUpdates request; make sure that only one bot instance is running
2026-08-28 12:11:41,168 [WARNING] aiogram.dispatcher: Sleep for 5.070726 seconds and try again... (tryings = 349, bot id = 8654316556)
2026-08-28 12:11:53,040 [ERROR] aiogram.dispatcher: Failed to fetch updates - TelegramConflictError: Telegram server says - Conflict: terminated by other getUpdates request; make sure that only one bot instance is running
2026-08-28 12:11:53,041 [WARNING] aiogram.dispatcher: Sleep for 5.078160 seconds and try again... (tryings = 350, bot id = 8654316556)
2026-08-28 12:12:04,947 [ERROR] aiogram.dispatcher: Failed to fetch updates - TelegramConflictError: Telegram server says - Conflict: terminated by other getUpdates request; make sure that only one bot instance is running
2026-08-28 12:12:04,948 [WARNING] aiogram.dispatcher: Sleep for 5.120575 seconds and try again... (tryings = 351, bot id = 8654316556)
2026-08-28 12:12:16,864 [ERROR] aiogram.dispatcher: Failed to fetch updates - TelegramConflictError: Telegram server says - Conflict: terminated by other getUpdates request; make sure that only one bot instance is running
2026-08-28 12:12:16,865 [WARNING] aiogram.dispatcher: Sleep for 4.858474 seconds and try again... (tryings = 352, bot id = 8654316556)
2026-08-28 12:12:28,531 [ERROR] aiogram.dispatcher: Failed to fetch updates - TelegramConflictError: Telegram server says - Conflict: terminated by other getUpdates request; make sure that only one bot instance is running
2026-08-28 12:12:28,531 [WARNING] aiogram.dispatcher: Sleep for 4.837248 seconds and try again... (tryings = 353, bot id = 8654316556)
2026-08-28 12:12:40,169 [ERROR] aiogram.dispatcher: Failed to fetch updates - TelegramConflictError: Telegram server says - Conflict: terminated by other getUpdates request; make sure that only one bot instance is running
2026-08-28 12:12:40,169 [WARNING] aiogram.dispatcher: Sleep for 5.059448 seconds and try again... (tryings = 354, bot id = 8654316556)
2026-08-28 12:12:52,004 [ERROR] aiogram.dispatcher: Failed to fetch updates - TelegramConflictError: Telegram server says - Conflict: terminated by other getUpdates request; make sure that only one bot instance is running
2026-08-28 12:12:52,004 [WARNING] aiogram.dispatcher: Sleep for 4.950580 seconds and try again... (tryings = 355, bot id = 8654316556)
2026-08-28 12:13:03,780 [ERROR] aiogram.dispatcher: Failed to fetch updates - TelegramConflictError: Telegram server says - Conflict: terminated by other getUpdates request; make sure that only one bot instance is running
2026-08-28 12:13:03,780 [WARNING] aiogram.dispatcher: Sleep for 4.998315 seconds and try again... (tryings = 356, bot id = 8654316556)
2026-08-28 12:13:15,569 [ERROR] aiogram.dispatcher: Failed to fetch updates - TelegramConflictError: Telegram server says - Conflict: terminated by other getUpdates request; make sure that only one bot instance is running
2026-08-28 12:13:15,569 [WARNING] aiogram.dispatcher: Sleep for 5.082248 seconds and try again... (tryings = 357, bot id = 8654316556)
2026-08-28 12:13:27,460 [ERROR] aiogram.dispatcher: Failed to fetch updates - TelegramConflictError: Telegram server says - Conflict: terminated by other getUpdates request; make sure that only one bot instance is running
2026-08-28 12:13:27,460 [WARNING] aiogram.dispatcher: Sleep for 5.042310 seconds and try again... (tryings = 358, bot id = 8654316556)
2026-08-28 12:13:39,290 [ERROR] aiogram.dispatcher: Failed to fetch updates - TelegramConflictError: Telegram server says - Conflict: terminated by other getUpdates request; make sure that only one bot instance is running
2026-08-28 12:13:39,290 [WARNING] aiogram.dispatcher: Sleep for 5.002713 seconds and try again... (tryings = 359, bot id = 8654316556)
2026-08-28 12:13:51,099 [ERROR] aiogram.dispatcher: Failed to fetch updates - TelegramConflictError: Telegram server says - Conflict: terminated by other getUpdates request; make sure that only one bot instance is running
2026-08-28 12:13:51,099 [WARNING] aiogram.dispatcher: Sleep for 5.230370 seconds and try again... (tryings = 360, bot id = 8654316556)
2026-08-28 12:14:03,135 [ERROR] aiogram.dispatcher: Failed to fetch updates - TelegramConflictError: Telegram server says - Conflict: terminated by other getUpdates request; make sure that only one bot instance is running
2026-08-28 12:14:03,135 [WARNING] aiogram.dispatcher: Sleep for 5.040773 seconds and try again... (tryings = 361, bot id = 8654316556)
2026-08-28 12:14:14,957 [ERROR] aiogram.dispatcher: Failed to fetch updates - TelegramConflictError: Telegram server says - Conflict: terminated by other getUpdates request; make sure that only one bot instance is running
2026-08-28 12:14:14,957 [WARNING] aiogram.dispatcher: Sleep for 5.170500 seconds and try again... (tryings = 362, bot id = 8654316556)
2026-08-28 12:14:26,930 [ERROR] aiogram.dispatcher: Failed to fetch updates - TelegramConflictError: Telegram server says - Conflict: terminated by other getUpdates request; make sure that only one bot instance is running
2026-08-28 12:14:26,930 [WARNING] aiogram.dispatcher: Sleep for 4.918802 seconds and try again... (tryings = 363, bot id = 8654316556)
2026-08-28 12:14:38,645 [ERROR] aiogram.dispatcher: Failed to fetch updates - TelegramConflictError: Telegram server says - Conflict: terminated by other getUpdates request; make sure that only one bot instance is running
2026-08-28 12:14:38,646 [WARNING] aiogram.dispatcher: Sleep for 5.003680 seconds and try again... (tryings = 364, bot id = 8654316556)
2026-08-28 12:14:50,467 [ERROR] aiogram.dispatcher: Failed to fetch updates - TelegramConflictError: Telegram server says - Conflict: terminated by other getUpdates request; make sure that only one bot instance is running
2026-08-28 12:14:50,468 [WARNING] aiogram.dispatcher: Sleep for 4.961147 seconds and try again... (tryings = 365, bot id = 8654316556)
2026-08-28 12:15:02,391 [ERROR] aiogram.dispatcher: Failed to fetch updates - TelegramConflictError: Telegram server says - Conflict: terminated by other getUpdates request; make sure that only one bot instance is running
2026-08-28 12:15:02,392 [WARNING] aiogram.dispatcher: Sleep for 5.098371 seconds and try again... (tryings = 366, bot id = 8654316556)
2026-08-28 12:15:14,317 [ERROR] aiogram.dispatcher: Failed to fetch updates - TelegramConflictError: Telegram server says - Conflict: terminated by other getUpdates request; make sure that only one bot instance is running
2026-08-28 12:15:14,317 [WARNING] aiogram.dispatcher: Sleep for 4.913076 seconds and try again... (tryings = 367, bot id = 8654316556)
2026-08-28 12:15:26,043 [ERROR] aiogram.dispatcher: Failed to fetch updates - TelegramConflictError: Telegram server says - Conflict: terminated by other getUpdates request; make sure that only one bot instance is running
2026-08-28 12:15:26,043 [WARNING] aiogram.dispatcher: Sleep for 5.079991 seconds and try again... (tryings = 368, bot id = 8654316556)
2026-08-28 12:15:37,947 [ERROR] aiogram.dispatcher: Failed to fetch updates - TelegramConflictError: Telegram server says - Conflict: terminated by other getUpdates request; make sure that only one bot instance is running
2026-08-28 12:15:37,948 [WARNING] aiogram.dispatcher: Sleep for 5.004908 seconds and try again... (tryings = 369, bot id = 8654316556)
2026-08-28 12:15:49,766 [ERROR] aiogram.dispatcher: Failed to fetch updates - TelegramConflictError: Telegram server says - Conflict: terminated by other getUpdates request; make sure that only one bot instance is running
2026-08-28 12:15:49,766 [WARNING] aiogram.dispatcher: Sleep for 5.026848 seconds and try again... (tryings = 370, bot id = 8654316556)
2026-08-28 12:16:01,596 [ERROR] aiogram.dispatcher: Failed to fetch updates - TelegramConflictError: Telegram server says - Conflict: terminated by other getUpdates request; make sure that only one bot instance is running
2026-08-28 12:16:01,597 [WARNING] aiogram.dispatcher: Sleep for 5.061095 seconds and try again... (tryings = 371, bot id = 8654316556)
2026-08-28 12:16:13,510 [ERROR] aiogram.dispatcher: Failed to fetch updates - TelegramConflictError: Telegram server says - Conflict: terminated by other getUpdates request; make sure that only one bot instance is running
2026-08-28 12:16:13,511 [WARNING] aiogram.dispatcher: Sleep for 5.001687 seconds and try again... (tryings = 372, bot id = 8654316556)
2026-08-28 12:16:25,337 [ERROR] aiogram.dispatcher: Failed to fetch updates - TelegramConflictError: Telegram server says - Conflict: terminated by other getUpdates request; make sure that only one bot instance is running
2026-08-28 12:16:25,338 [WARNING] aiogram.dispatcher: Sleep for 5.035969 seconds and try again... (tryings = 373, bot id = 8654316556)
2026-08-28 12:16:37,182 [ERROR] aiogram.dispatcher: Failed to fetch updates - TelegramConflictError: Telegram server says - Conflict: terminated by other getUpdates request; make sure that only one bot instance is running
2026-08-28 12:16:37,182 [WARNING] aiogram.dispatcher: Sleep for 4.973879 seconds and try again... (tryings = 374, bot id = 8654316556)
2026-08-28 12:16:48,966 [ERROR] aiogram.dispatcher: Failed to fetch updates - TelegramConflictError: Telegram server says - Conflict: terminated by other getUpdates request; make sure that only one bot instance is running
2026-08-28 12:16:48,966 [WARNING] aiogram.dispatcher: Sleep for 5.093631 seconds and try again... (tryings = 375, bot id = 8654316556)
2026-08-28 12:17:00,854 [ERROR] aiogram.dispatcher: Failed to fetch updates - TelegramConflictError: Telegram server says - Conflict: terminated by other getUpdates request; make sure that only one bot instance is running
2026-08-28 12:17:00,855 [WARNING] aiogram.dispatcher: Sleep for 4.988282 seconds and try again... (tryings = 376, bot id = 8654316556)
2026-08-28 12:17:12,658 [ERROR] aiogram.dispatcher: Failed to fetch updates - TelegramConflictError: Telegram server says - Conflict: terminated by other getUpdates request; make sure that only one bot instance is running
2026-08-28 12:17:12,658 [WARNING] aiogram.dispatcher: Sleep for 5.073881 seconds and try again... (tryings = 377, bot id = 8654316556)
2026-08-28 12:17:24,591 [ERROR] aiogram.dispatcher: Failed to fetch updates - TelegramConflictError: Telegram server says - Conflict: terminated by other getUpdates request; make sure that only one bot instance is running
2026-08-28 12:17:24,591 [WARNING] aiogram.dispatcher: Sleep for 4.908094 seconds and try again... (tryings = 378, bot id = 8654316556)
2026-08-28 12:17:36,275 [ERROR] aiogram.dispatcher: Failed to fetch updates - TelegramConflictError: Telegram server says - Conflict: terminated by other getUpdates request; make sure that only one bot instance is running
2026-08-28 12:17:36,276 [WARNING] aiogram.dispatcher: Sleep for 5.097307 seconds and try again... (tryings = 379, bot id = 8654316556)
2026-08-28 12:17:48,170 [ERROR] aiogram.dispatcher: Failed to fetch updates - TelegramConflictError: Telegram server says - Conflict: terminated by other getUpdates request; make sure that only one bot instance is running
2026-08-28 12:17:48,171 [WARNING] aiogram.dispatcher: Sleep for 5.040797 seconds and try again... (tryings = 380, bot id = 8654316556)
2026-08-28 12:18:00,042 [ERROR] aiogram.dispatcher: Failed to fetch updates - TelegramConflictError: Telegram server says - Conflict: terminated by other getUpdates request; make sure that only one bot instance is running
2026-08-28 12:18:00,043 [WARNING] aiogram.dispatcher: Sleep for 4.793522 seconds and try again... (tryings = 381, bot id = 8654316556)
2026-08-28 12:18:11,633 [ERROR] aiogram.dispatcher: Failed to fetch updates - TelegramConflictError: Telegram server says - Conflict: terminated by other getUpdates request; make sure that only one bot instance is running
2026-08-28 12:18:11,634 [WARNING] aiogram.dispatcher: Sleep for 5.012147 seconds and try again... (tryings = 382, bot id = 8654316556)
2026-08-28 12:18:23,453 [ERROR] aiogram.dispatcher: Failed to fetch updates - TelegramConflictError: Telegram server says - Conflict: terminated by other getUpdates request; make sure that only one bot instance is running
2026-08-28 12:18:23,453 [WARNING] aiogram.dispatcher: Sleep for 4.989035 seconds and try again... (tryings = 383, bot id = 8654316556)
2026-08-28 12:18:35,261 [ERROR] aiogram.dispatcher: Failed to fetch updates - TelegramConflictError: Telegram server says - Conflict: terminated by other getUpdates request; make sure that only one bot instance is running
2026-08-28 12:18:35,261 [WARNING] aiogram.dispatcher: Sleep for 4.975495 seconds and try again... (tryings = 384, bot id = 8654316556)
2026-08-28 12:18:47,045 [ERROR] aiogram.dispatcher: Failed to fetch updates - TelegramConflictError: Telegram server says - Conflict: terminated by other getUpdates request; make sure that only one bot instance is running
2026-08-28 12:18:47,046 [WARNING] aiogram.dispatcher: Sleep for 5.020407 seconds and try again... (tryings = 385, bot id = 8654316556)
2026-08-28 12:18:58,856 [ERROR] aiogram.dispatcher: Failed to fetch updates - TelegramConflictError: Telegram server says - Conflict: terminated by other getUpdates request; make sure that only one bot instance is running
2026-08-28 12:18:58,857 [WARNING] aiogram.dispatcher: Sleep for 5.155815 seconds and try again... (tryings = 386, bot id = 8654316556)
2026-08-28 12:19:10,802 [ERROR] aiogram.dispatcher: Failed to fetch updates - TelegramConflictError: Telegram server says - Conflict: terminated by other getUpdates request; make sure that only one bot instance is running
2026-08-28 12:19:10,803 [WARNING] aiogram.dispatcher: Sleep for 5.134282 seconds and try again... (tryings = 387, bot id = 8654316556)
2026-08-28 12:19:22,812 [ERROR] aiogram.dispatcher: Failed to fetch updates - TelegramConflictError: Telegram server says - Conflict: terminated by other getUpdates request; make sure that only one bot instance is running
2026-08-28 12:19:22,812 [WARNING] aiogram.dispatcher: Sleep for 5.085955 seconds and try again... (tryings = 388, bot id = 8654316556)
2026-08-28 12:19:34,733 [ERROR] aiogram.dispatcher: Failed to fetch updates - TelegramConflictError: Telegram server says - Conflict: terminated by other getUpdates request; make sure that only one bot instance is running
2026-08-28 12:19:34,733 [WARNING] aiogram.dispatcher: Sleep for 5.116704 seconds and try again... (tryings = 389, bot id = 8654316556)
2026-08-28 12:19:46,672 [ERROR] aiogram.dispatcher: Failed to fetch updates - TelegramConflictError: Telegram server says - Conflict: terminated by other getUpdates request; make sure that only one bot instance is running
2026-08-28 12:19:46,673 [WARNING] aiogram.dispatcher: Sleep for 4.994941 seconds and try again... (tryings = 390, bot id = 8654316556)
2026-08-28 12:19:58,459 [ERROR] aiogram.dispatcher: Failed to fetch updates - TelegramConflictError: Telegram server says - Conflict: terminated by other getUpdates request; make sure that only one bot instance is running
2026-08-28 12:19:58,460 [WARNING] aiogram.dispatcher: Sleep for 4.851230 seconds and try again... (tryings = 391, bot id = 8654316556)
2026-08-28 12:20:10,312 [ERROR] aiogram.dispatcher: Failed to fetch updates - TelegramConflictError: Telegram server says - Conflict: terminated by other getUpdates request; make sure that only one bot instance is running
2026-08-28 12:20:10,313 [WARNING] aiogram.dispatcher: Sleep for 4.779614 seconds and try again... (tryings = 392, bot id = 8654316556)
2026-08-28 12:20:21,896 [ERROR] aiogram.dispatcher: Failed to fetch updates - TelegramConflictError: Telegram server says - Conflict: terminated by other getUpdates request; make sure that only one bot instance is running
2026-08-28 12:20:21,897 [WARNING] aiogram.dispatcher: Sleep for 5.045066 seconds and try again... (tryings = 393, bot id = 8654316556)
2026-08-28 12:20:33,751 [ERROR] aiogram.dispatcher: Failed to fetch updates - TelegramConflictError: Telegram server says - Conflict: terminated by other getUpdates request; make sure that only one bot instance is running
2026-08-28 12:20:33,751 [WARNING] aiogram.dispatcher: Sleep for 5.099108 seconds and try again... (tryings = 394, bot id = 8654316556)
2026-08-28 12:20:45,675 [ERROR] aiogram.dispatcher: Failed to fetch updates - TelegramConflictError: Telegram server says - Conflict: terminated by other getUpdates request; make sure that only one bot instance is running
2026-08-28 12:20:45,676 [WARNING] aiogram.dispatcher: Sleep for 5.061966 seconds and try again... (tryings = 395, bot id = 8654316556)
2026-08-28 12:20:57,548 [ERROR] aiogram.dispatcher: Failed to fetch updates - TelegramConflictError: Telegram server says - Conflict: terminated by other getUpdates request; make sure that only one bot instance is running
2026-08-28 12:20:57,548 [WARNING] aiogram.dispatcher: Sleep for 4.993996 seconds and try again... (tryings = 396, bot id = 8654316556)
2026-08-28 12:21:09,338 [ERROR] aiogram.dispatcher: Failed to fetch updates - TelegramConflictError: Telegram server says - Conflict: terminated by other getUpdates request; make sure that only one bot instance is running
2026-08-28 12:21:09,338 [WARNING] aiogram.dispatcher: Sleep for 4.950145 seconds and try again... (tryings = 397, bot id = 8654316556)
2026-08-28 12:21:21,110 [ERROR] aiogram.dispatcher: Failed to fetch updates - TelegramConflictError: Telegram server says - Conflict: terminated by other getUpdates request; make sure that only one bot instance is running
2026-08-28 12:21:21,111 [WARNING] aiogram.dispatcher: Sleep for 5.060092 seconds and try again... (tryings = 398, bot id = 8654316556)
2026-08-28 12:21:32,972 [ERROR] aiogram.dispatcher: Failed to fetch updates - TelegramConflictError: Telegram server says - Conflict: terminated by other getUpdates request; make sure that only one bot instance is running
2026-08-28 12:21:32,972 [WARNING] aiogram.dispatcher: Sleep for 5.162357 seconds and try again... (tryings = 399, bot id = 8654316556)
2026-08-28 12:21:44,942 [ERROR] aiogram.dispatcher: Failed to fetch updates - TelegramConflictError: Telegram server says - Conflict: terminated by other getUpdates request; make sure that only one bot instance is running
2026-08-28 12:21:44,942 [WARNING] aiogram.dispatcher: Sleep for 5.036003 seconds and try again... (tryings = 400, bot id = 8654316556)
2026-08-28 12:21:56,809 [ERROR] aiogram.dispatcher: Failed to fetch updates - TelegramConflictError: Telegram server says - Conflict: terminated by other getUpdates request; make sure that only one bot instance is running
2026-08-28 12:21:56,809 [WARNING] aiogram.dispatcher: Sleep for 5.054979 seconds and try again... (tryings = 401, bot id = 8654316556)
2026-08-28 12:22:08,680 [ERROR] aiogram.dispatcher: Failed to fetch updates - TelegramConflictError: Telegram server says - Conflict: terminated by other getUpdates request; make sure that only one bot instance is running
2026-08-28 12:22:08,680 [WARNING] aiogram.dispatcher: Sleep for 5.021105 seconds and try again... (tryings = 402, bot id = 8654316556)
2026-08-28 12:22:20,525 [ERROR] aiogram.dispatcher: Failed to fetch updates - TelegramConflictError: Telegram server says - Conflict: terminated by other getUpdates request; make sure that only one bot instance is running
2026-08-28 12:22:20,525 [WARNING] aiogram.dispatcher: Sleep for 5.015490 seconds and try again... (tryings = 403, bot id = 8654316556)
2026-08-28 12:22:32,328 [ERROR] aiogram.dispatcher: Failed to fetch updates - TelegramConflictError: Telegram server says - Conflict: terminated by other getUpdates request; make sure that only one bot instance is running
2026-08-28 12:22:32,328 [WARNING] aiogram.dispatcher: Sleep for 5.107787 seconds and try again... (tryings = 404, bot id = 8654316556)
2026-08-28 12:22:44,242 [ERROR] aiogram.dispatcher: Failed to fetch updates - TelegramConflictError: Telegram server says - Conflict: terminated by other getUpdates request; make sure that only one bot instance is running
2026-08-28 12:22:44,243 [WARNING] aiogram.dispatcher: Sleep for 4.970342 seconds and try again... (tryings = 405, bot id = 8654316556)
2026-08-28 12:22:56,025 [ERROR] aiogram.dispatcher: Failed to fetch updates - TelegramConflictError: Telegram server says - Conflict: terminated by other getUpdates request; make sure that only one bot instance is running
2026-08-28 12:22:56,025 [WARNING] aiogram.dispatcher: Sleep for 5.018389 seconds and try again... (tryings = 406, bot id = 8654316556)
2026-08-28 12:23:07,837 [ERROR] aiogram.dispatcher: Failed to fetch updates - TelegramConflictError: Telegram server says - Conflict: terminated by other getUpdates request; make sure that only one bot instance is running
2026-08-28 12:23:07,837 [WARNING] aiogram.dispatcher: Sleep for 5.007110 seconds and try again... (tryings = 407, bot id = 8654316556)
2026-08-28 12:23:19,642 [ERROR] aiogram.dispatcher: Failed to fetch updates - TelegramConflictError: Telegram server says - Conflict: terminated by other getUpdates request; make sure that only one bot instance is running
2026-08-28 12:23:19,642 [WARNING] aiogram.dispatcher: Sleep for 4.928126 seconds and try again... (tryings = 408, bot id = 8654316556)
2026-08-28 12:23:31,400 [ERROR] aiogram.dispatcher: Failed to fetch updates - TelegramConflictError: Telegram server says - Conflict: terminated by other getUpdates request; make sure that only one bot instance is running
2026-08-28 12:23:31,401 [WARNING] aiogram.dispatcher: Sleep for 4.983306 seconds and try again... (tryings = 409, bot id = 8654316556)
2026-08-28 12:23:43,156 [ERROR] aiogram.dispatcher: Failed to fetch updates - TelegramConflictError: Telegram server says - Conflict: terminated by other getUpdates request; make sure that only one bot instance is running
2026-08-28 12:23:43,156 [WARNING] aiogram.dispatcher: Sleep for 5.036311 seconds and try again... (tryings = 410, bot id = 8654316556)
2026-08-28 12:23:54,996 [ERROR] aiogram.dispatcher: Failed to fetch updates - TelegramConflictError: Telegram server says - Conflict: terminated by other getUpdates request; make sure that only one bot instance is running
2026-08-28 12:23:54,997 [WARNING] aiogram.dispatcher: Sleep for 4.978471 seconds and try again... (tryings = 411, bot id = 8654316556)
2026-08-28 12:24:06,774 [ERROR] aiogram.dispatcher: Failed to fetch updates - TelegramConflictError: Telegram server says - Conflict: terminated by other getUpdates request; make sure that only one bot instance is running
2026-08-28 12:24:06,774 [WARNING] aiogram.dispatcher: Sleep for 4.963918 seconds and try again... (tryings = 412, bot id = 8654316556)
2026-08-28 12:24:18,543 [ERROR] aiogram.dispatcher: Failed to fetch updates - TelegramConflictError: Telegram server says - Conflict: terminated by other getUpdates request; make sure that only one bot instance is running
2026-08-28 12:24:18,544 [WARNING] aiogram.dispatcher: Sleep for 4.852322 seconds and try again... (tryings = 413, bot id = 8654316556)
2026-08-28 12:24:30,197 [ERROR] aiogram.dispatcher: Failed to fetch updates - TelegramConflictError: Telegram server says - Conflict: terminated by other getUpdates request; make sure that only one bot instance is running
2026-08-28 12:24:30,197 [WARNING] aiogram.dispatcher: Sleep for 4.988925 seconds and try again... (tryings = 414, bot id = 8654316556)
2026-08-28 12:24:42,003 [ERROR] aiogram.dispatcher: Failed to fetch updates - TelegramConflictError: Telegram server says - Conflict: terminated by other getUpdates request; make sure that only one bot instance is running
2026-08-28 12:24:42,003 [WARNING] aiogram.dispatcher: Sleep for 4.960466 seconds and try again... (tryings = 415, bot id = 8654316556)
2026-08-28 12:24:53,803 [ERROR] aiogram.dispatcher: Failed to fetch updates - TelegramConflictError: Telegram server says - Conflict: terminated by other getUpdates request; make sure that only one bot instance is running
2026-08-28 12:24:53,803 [WARNING] aiogram.dispatcher: Sleep for 4.865791 seconds and try again... (tryings = 416, bot id = 8654316556)
2026-08-28 12:25:05,482 [ERROR] aiogram.dispatcher: Failed to fetch updates - TelegramConflictError: Telegram server says - Conflict: terminated by other getUpdates request; make sure that only one bot instance is running
2026-08-28 12:25:05,482 [WARNING] aiogram.dispatcher: Sleep for 5.136199 seconds and try again... (tryings = 417, bot id = 8654316556)
2026-08-28 12:25:17,630 [ERROR] aiogram.dispatcher: Failed to fetch updates - TelegramConflictError: Telegram server says - Conflict: terminated by other getUpdates request; make sure that only one bot instance is running
2026-08-28 12:25:17,631 [WARNING] aiogram.dispatcher: Sleep for 4.970201 seconds and try again... (tryings = 418, bot id = 8654316556)
2026-08-28 12:25:29,415 [ERROR] aiogram.dispatcher: Failed to fetch updates - TelegramConflictError: Telegram server says - Conflict: terminated by other getUpdates request; make sure that only one bot instance is running
2026-08-28 12:25:29,415 [WARNING] aiogram.dispatcher: Sleep for 4.967882 seconds and try again... (tryings = 419, bot id = 8654316556)
2026-08-28 12:25:41,191 [ERROR] aiogram.dispatcher: Failed to fetch updates - TelegramConflictError: Telegram server says - Conflict: terminated by other getUpdates request; make sure that only one bot instance is running
2026-08-28 12:25:41,192 [WARNING] aiogram.dispatcher: Sleep for 5.126365 seconds and try again... (tryings = 420, bot id = 8654316556)
2026-08-28 12:25:53,126 [ERROR] aiogram.dispatcher: Failed to fetch updates - TelegramConflictError: Telegram server says - Conflict: terminated by other getUpdates request; make sure that only one bot instance is running
2026-08-28 12:25:53,126 [WARNING] aiogram.dispatcher: Sleep for 4.913891 seconds and try again... (tryings = 421, bot id = 8654316556)
2026-08-28 12:26:04,834 [ERROR] aiogram.dispatcher: Failed to fetch updates - TelegramConflictError: Telegram server says - Conflict: terminated by other getUpdates request; make sure that only one bot instance is running
2026-08-28 12:26:04,835 [WARNING] aiogram.dispatcher: Sleep for 4.934352 seconds and try again... (tryings = 422, bot id = 8654316556)
2026-08-28 12:26:16,591 [ERROR] aiogram.dispatcher: Failed to fetch updates - TelegramConflictError: Telegram server says - Conflict: terminated by other getUpdates request; make sure that only one bot instance is running
2026-08-28 12:26:16,592 [WARNING] aiogram.dispatcher: Sleep for 4.917505 seconds and try again... (tryings = 423, bot id = 8654316556)
2026-08-28 12:26:28,297 [ERROR] aiogram.dispatcher: Failed to fetch updates - TelegramConflictError: Telegram server says - Conflict: terminated by other getUpdates request; make sure that only one bot instance is running
2026-08-28 12:26:28,298 [WARNING] aiogram.dispatcher: Sleep for 4.886354 seconds and try again... (tryings = 424, bot id = 8654316556)
2026-08-28 12:26:39,978 [ERROR] aiogram.dispatcher: Failed to fetch updates - TelegramConflictError: Telegram server says - Conflict: terminated by other getUpdates request; make sure that only one bot instance is running
2026-08-28 12:26:39,978 [WARNING] aiogram.dispatcher: Sleep for 5.044414 seconds and try again... (tryings = 425, bot id = 8654316556)
2026-08-28 12:26:51,871 [ERROR] aiogram.dispatcher: Failed to fetch updates - TelegramConflictError: Telegram server says - Conflict: terminated by other getUpdates request; make sure that only one bot instance is running
2026-08-28 12:26:51,872 [WARNING] aiogram.dispatcher: Sleep for 5.040105 seconds and try again... (tryings = 426, bot id = 8654316556)
2026-08-28 12:27:03,707 [ERROR] aiogram.dispatcher: Failed to fetch updates - TelegramConflictError: Telegram server says - Conflict: terminated by other getUpdates request; make sure that only one bot instance is running
2026-08-28 12:27:03,707 [WARNING] aiogram.dispatcher: Sleep for 5.056454 seconds and try again... (tryings = 427, bot id = 8654316556)
2026-08-28 12:27:15,585 [ERROR] aiogram.dispatcher: Failed to fetch updates - TelegramConflictError: Telegram server says - Conflict: terminated by other getUpdates request; make sure that only one bot instance is running
2026-08-28 12:27:15,586 [WARNING] aiogram.dispatcher: Sleep for 4.980618 seconds and try again... (tryings = 428, bot id = 8654316556)
2026-08-28 12:27:27,350 [ERROR] aiogram.dispatcher: Failed to fetch updates - TelegramConflictError: Telegram server says - Conflict: terminated by other getUpdates request; make sure that only one bot instance is running
2026-08-28 12:27:27,350 [WARNING] aiogram.dispatcher: Sleep for 5.067270 seconds and try again... (tryings = 429, bot id = 8654316556)
2026-08-28 12:27:39,955 [ERROR] aiogram.dispatcher: Failed to fetch updates - TelegramConflictError: Telegram server says - Conflict: terminated by other getUpdates request; make sure that only one bot instance is running
2026-08-28 12:27:39,956 [WARNING] aiogram.dispatcher: Sleep for 5.049049 seconds and try again... (tryings = 430, bot id = 8654316556)
2026-08-28 12:27:51,838 [ERROR] aiogram.dispatcher: Failed to fetch updates - TelegramConflictError: Telegram server says - Conflict: terminated by other getUpdates request; make sure that only one bot instance is running
2026-08-28 12:27:51,838 [WARNING] aiogram.dispatcher: Sleep for 5.200746 seconds and try again... (tryings = 431, bot id = 8654316556)
2026-08-28 12:28:03,857 [ERROR] aiogram.dispatcher: Failed to fetch updates - TelegramConflictError: Telegram server says - Conflict: terminated by other getUpdates request; make sure that only one bot instance is running
2026-08-28 12:28:03,857 [WARNING] aiogram.dispatcher: Sleep for 4.916985 seconds and try again... (tryings = 432, bot id = 8654316556)
2026-08-28 12:28:15,606 [ERROR] aiogram.dispatcher: Failed to fetch updates - TelegramConflictError: Telegram server says - Conflict: terminated by other getUpdates request; make sure that only one bot instance is running
2026-08-28 12:28:15,606 [WARNING] aiogram.dispatcher: Sleep for 4.887633 seconds and try again... (tryings = 433, bot id = 8654316556)
2026-08-28 12:28:27,273 [ERROR] aiogram.dispatcher: Failed to fetch updates - TelegramConflictError: Telegram server says - Conflict: terminated by other getUpdates request; make sure that only one bot instance is running
2026-08-28 12:28:27,274 [WARNING] aiogram.dispatcher: Sleep for 5.181419 seconds and try again... (tryings = 434, bot id = 8654316556)
2026-08-28 12:28:39,247 [ERROR] aiogram.dispatcher: Failed to fetch updates - TelegramConflictError: Telegram server says - Conflict: terminated by other getUpdates request; make sure that only one bot instance is running
2026-08-28 12:28:39,248 [WARNING] aiogram.dispatcher: Sleep for 4.884425 seconds and try again... (tryings = 435, bot id = 8654316556)
2026-08-28 12:28:50,929 [ERROR] aiogram.dispatcher: Failed to fetch updates - TelegramConflictError: Telegram server says - Conflict: terminated by other getUpdates request; make sure that only one bot instance is running
2026-08-28 12:28:50,929 [WARNING] aiogram.dispatcher: Sleep for 5.024702 seconds and try again... (tryings = 436, bot id = 8654316556)
2026-08-28 12:29:02,743 [ERROR] aiogram.dispatcher: Failed to fetch updates - TelegramConflictError: Telegram server says - Conflict: terminated by other getUpdates request; make sure that only one bot instance is running
2026-08-28 12:29:02,743 [WARNING] aiogram.dispatcher: Sleep for 5.293406 seconds and try again... (tryings = 437, bot id = 8654316556)
2026-08-28 12:29:14,823 [ERROR] aiogram.dispatcher: Failed to fetch updates - TelegramConflictError: Telegram server says - Conflict: terminated by other getUpdates request; make sure that only one bot instance is running
2026-08-28 12:29:14,824 [WARNING] aiogram.dispatcher: Sleep for 4.869667 seconds and try again... (tryings = 438, bot id = 8654316556)
2026-08-28 12:29:26,518 [ERROR] aiogram.dispatcher: Failed to fetch updates - TelegramConflictError: Telegram server says - Conflict: terminated by other getUpdates request; make sure that only one bot instance is running
2026-08-28 12:29:26,518 [WARNING] aiogram.dispatcher: Sleep for 4.982399 seconds and try again... (tryings = 439, bot id = 8654316556)
2026-08-28 12:29:38,316 [ERROR] aiogram.dispatcher: Failed to fetch updates - TelegramConflictError: Telegram server says - Conflict: terminated by other getUpdates request; make sure that only one bot instance is running
2026-08-28 12:29:38,316 [WARNING] aiogram.dispatcher: Sleep for 5.264250 seconds and try again... (tryings = 440, bot id = 8654316556)
2026-08-28 12:29:50,426 [ERROR] aiogram.dispatcher: Failed to fetch updates - TelegramConflictError: Telegram server says - Conflict: terminated by other getUpdates request; make sure that only one bot instance is running
2026-08-28 12:29:50,426 [WARNING] aiogram.dispatcher: Sleep for 5.042587 seconds and try again... (tryings = 441, bot id = 8654316556)
2026-08-28 12:30:02,277 [ERROR] aiogram.dispatcher: Failed to fetch updates - TelegramConflictError: Telegram server says - Conflict: terminated by other getUpdates request; make sure that only one bot instance is running
2026-08-28 12:30:02,278 [WARNING] aiogram.dispatcher: Sleep for 4.889531 seconds and try again... (tryings = 442, bot id = 8654316556)
2026-08-28 12:30:13,974 [ERROR] aiogram.dispatcher: Failed to fetch updates - TelegramConflictError: Telegram server says - Conflict: terminated by other getUpdates request; make sure that only one bot instance is running
2026-08-28 12:30:13,976 [WARNING] aiogram.dispatcher: Sleep for 4.989251 seconds and try again... (tryings = 443, bot id = 8654316556)
2026-08-28 12:30:25,938 [ERROR] aiogram.dispatcher: Failed to fetch updates - TelegramConflictError: Telegram server says - Conflict: terminated by other getUpdates request; make sure that only one bot instance is running
2026-08-28 12:30:25,938 [WARNING] aiogram.dispatcher: Sleep for 5.060193 seconds and try again... (tryings = 444, bot id = 8654316556)
2026-08-28 12:30:37,803 [ERROR] aiogram.dispatcher: Failed to fetch updates - TelegramConflictError: Telegram server says - Conflict: terminated by other getUpdates request; make sure that only one bot instance is running
2026-08-28 12:30:37,803 [WARNING] aiogram.dispatcher: Sleep for 5.178502 seconds and try again... (tryings = 445, bot id = 8654316556)
2026-08-28 12:30:49,785 [ERROR] aiogram.dispatcher: Failed to fetch updates - TelegramConflictError: Telegram server says - Conflict: terminated by other getUpdates request; make sure that only one bot instance is running
2026-08-28 12:30:49,785 [WARNING] aiogram.dispatcher: Sleep for 4.910471 seconds and try again... (tryings = 446, bot id = 8654316556)
2026-08-28 12:31:01,506 [ERROR] aiogram.dispatcher: Failed to fetch updates - TelegramConflictError: Telegram server says - Conflict: terminated by other getUpdates request; make sure that only one bot instance is running
2026-08-28 12:31:01,507 [WARNING] aiogram.dispatcher: Sleep for 5.043940 seconds and try again... (tryings = 447, bot id = 8654316556)
2026-08-28 12:31:13,376 [ERROR] aiogram.dispatcher: Failed to fetch updates - TelegramConflictError: Telegram server says - Conflict: terminated by other getUpdates request; make sure that only one bot instance is running
2026-08-28 12:31:13,377 [WARNING] aiogram.dispatcher: Sleep for 4.911165 seconds and try again... (tryings = 448, bot id = 8654316556)
2026-08-28 12:31:25,114 [ERROR] aiogram.dispatcher: Failed to fetch updates - TelegramConflictError: Telegram server says - Conflict: terminated by other getUpdates request; make sure that only one bot instance is running
2026-08-28 12:31:25,114 [WARNING] aiogram.dispatcher: Sleep for 4.960054 seconds and try again... (tryings = 449, bot id = 8654316556)
2026-08-28 12:31:36,881 [ERROR] aiogram.dispatcher: Failed to fetch updates - TelegramConflictError: Telegram server says - Conflict: terminated by other getUpdates request; make sure that only one bot instance is running
2026-08-28 12:31:36,881 [WARNING] aiogram.dispatcher: Sleep for 5.062366 seconds and try again... (tryings = 450, bot id = 8654316556)
2026-08-28 12:31:48,762 [ERROR] aiogram.dispatcher: Failed to fetch updates - TelegramConflictError: Telegram server says - Conflict: terminated by other getUpdates request; make sure that only one bot instance is running
2026-08-28 12:31:48,763 [WARNING] aiogram.dispatcher: Sleep for 4.666150 seconds and try again... (tryings = 451, bot id = 8654316556)
2026-08-28 12:32:00,265 [ERROR] aiogram.dispatcher: Failed to fetch updates - TelegramConflictError: Telegram server says - Conflict: terminated by other getUpdates request; make sure that only one bot instance is running
2026-08-28 12:32:00,265 [WARNING] aiogram.dispatcher: Sleep for 5.082266 seconds and try again... (tryings = 452, bot id = 8654316556)
2026-08-28 12:32:12,174 [ERROR] aiogram.dispatcher: Failed to fetch updates - TelegramConflictError: Telegram server says - Conflict: terminated by other getUpdates request; make sure that only one bot instance is running
2026-08-28 12:32:12,174 [WARNING] aiogram.dispatcher: Sleep for 5.057858 seconds and try again... (tryings = 453, bot id = 8654316556)
2026-08-28 12:32:24,028 [ERROR] aiogram.dispatcher: Failed to fetch updates - TelegramConflictError: Telegram server says - Conflict: terminated by other getUpdates request; make sure that only one bot instance is running
2026-08-28 12:32:24,028 [WARNING] aiogram.dispatcher: Sleep for 4.915142 seconds and try again... (tryings = 454, bot id = 8654316556)
2026-08-28 12:32:35,752 [ERROR] aiogram.dispatcher: Failed to fetch updates - TelegramConflictError: Telegram server says - Conflict: terminated by other getUpdates request; make sure that only one bot instance is running
2026-08-28 12:32:35,752 [WARNING] aiogram.dispatcher: Sleep for 4.797046 seconds and try again... (tryings = 455, bot id = 8654316556)
2026-08-28 12:32:47,401 [ERROR] aiogram.dispatcher: Failed to fetch updates - TelegramConflictError: Telegram server says - Conflict: terminated by other getUpdates request; make sure that only one bot instance is running
2026-08-28 12:32:47,402 [WARNING] aiogram.dispatcher: Sleep for 5.043229 seconds and try again... (tryings = 456, bot id = 8654316556)
2026-08-28 12:32:59,251 [ERROR] aiogram.dispatcher: Failed to fetch updates - TelegramConflictError: Telegram server says - Conflict: terminated by other getUpdates request; make sure that only one bot instance is running
2026-08-28 12:32:59,251 [WARNING] aiogram.dispatcher: Sleep for 4.919436 seconds and try again... (tryings = 457, bot id = 8654316556)
2026-08-28 12:33:11,011 [ERROR] aiogram.dispatcher: Failed to fetch updates - TelegramConflictError: Telegram server says - Conflict: terminated by other getUpdates request; make sure that only one bot instance is running
2026-08-28 12:33:11,012 [WARNING] aiogram.dispatcher: Sleep for 5.190200 seconds and try again... (tryings = 458, bot id = 8654316556)
2026-08-28 12:33:23,044 [ERROR] aiogram.dispatcher: Failed to fetch updates - TelegramConflictError: Telegram server says - Conflict: terminated by other getUpdates request; make sure that only one bot instance is running
2026-08-28 12:33:23,044 [WARNING] aiogram.dispatcher: Sleep for 5.117349 seconds and try again... (tryings = 459, bot id = 8654316556)
2026-08-28 12:33:34,963 [ERROR] aiogram.dispatcher: Failed to fetch updates - TelegramConflictError: Telegram server says - Conflict: terminated by other getUpdates request; make sure that only one bot instance is running
2026-08-28 12:33:34,963 [WARNING] aiogram.dispatcher: Sleep for 4.894146 seconds and try again... (tryings = 460, bot id = 8654316556)
2026-08-28 12:33:46,648 [ERROR] aiogram.dispatcher: Failed to fetch updates - TelegramConflictError: Telegram server says - Conflict: terminated by other getUpdates request; make sure that only one bot instance is running
2026-08-28 12:33:46,648 [WARNING] aiogram.dispatcher: Sleep for 5.074404 seconds and try again... (tryings = 461, bot id = 8654316556)
2026-08-28 12:33:58,509 [ERROR] aiogram.dispatcher: Failed to fetch updates - TelegramConflictError: Telegram server says - Conflict: terminated by other getUpdates request; make sure that only one bot instance is running
2026-08-28 12:33:58,509 [WARNING] aiogram.dispatcher: Sleep for 4.830209 seconds and try again... (tryings = 462, bot id = 8654316556)
2026-08-28 12:34:10,173 [ERROR] aiogram.dispatcher: Failed to fetch updates - TelegramConflictError: Telegram server says - Conflict: terminated by other getUpdates request; make sure that only one bot instance is running
2026-08-28 12:34:10,173 [WARNING] aiogram.dispatcher: Sleep for 5.046617 seconds and try again... (tryings = 463, bot id = 8654316556)
2026-08-28 12:34:22,043 [ERROR] aiogram.dispatcher: Failed to fetch updates - TelegramConflictError: Telegram server says - Conflict: terminated by other getUpdates request; make sure that only one bot instance is running
2026-08-28 12:34:22,044 [WARNING] aiogram.dispatcher: Sleep for 4.986156 seconds and try again... (tryings = 464, bot id = 8654316556)
2026-08-28 12:34:33,818 [ERROR] aiogram.dispatcher: Failed to fetch updates - TelegramConflictError: Telegram server says - Conflict: terminated by other getUpdates request; make sure that only one bot instance is running
2026-08-28 12:34:33,818 [WARNING] aiogram.dispatcher: Sleep for 5.041124 seconds and try again... (tryings = 465, bot id = 8654316556)
2026-08-28 12:34:45,667 [ERROR] aiogram.dispatcher: Failed to fetch updates - TelegramConflictError: Telegram server says - Conflict: terminated by other getUpdates request; make sure that only one bot instance is running
2026-08-28 12:34:45,667 [WARNING] aiogram.dispatcher: Sleep for 5.081881 seconds and try again... (tryings = 466, bot id = 8654316556)
2026-08-28 12:34:57,577 [ERROR] aiogram.dispatcher: Failed to fetch updates - TelegramConflictError: Telegram server says - Conflict: terminated by other getUpdates request; make sure that only one bot instance is running
2026-08-28 12:34:57,578 [WARNING] aiogram.dispatcher: Sleep for 5.059420 seconds and try again... (tryings = 467, bot id = 8654316556)
2026-08-28 12:35:09,438 [ERROR] aiogram.dispatcher: Failed to fetch updates - TelegramConflictError: Telegram server says - Conflict: terminated by other getUpdates request; make sure that only one bot instance is running
2026-08-28 12:35:09,439 [WARNING] aiogram.dispatcher: Sleep for 5.003971 seconds and try again... (tryings = 468, bot id = 8654316556)
2026-08-28 12:35:21,251 [ERROR] aiogram.dispatcher: Failed to fetch updates - TelegramConflictError: Telegram server says - Conflict: terminated by other getUpdates request; make sure that only one bot instance is running
2026-08-28 12:35:21,251 [WARNING] aiogram.dispatcher: Sleep for 4.869204 seconds and try again... (tryings = 469, bot id = 8654316556)
2026-08-28 12:35:33,107 [ERROR] aiogram.dispatcher: Failed to fetch updates - TelegramConflictError: Telegram server says - Conflict: terminated by other getUpdates request; make sure that only one bot instance is running
2026-08-28 12:35:33,107 [WARNING] aiogram.dispatcher: Sleep for 4.816359 seconds and try again... (tryings = 470, bot id = 8654316556)
2026-08-28 12:35:44,767 [ERROR] aiogram.dispatcher: Failed to fetch updates - TelegramConflictError: Telegram server says - Conflict: terminated by other getUpdates request; make sure that only one bot instance is running
2026-08-28 12:35:44,768 [WARNING] aiogram.dispatcher: Sleep for 4.907132 seconds and try again... (tryings = 471, bot id = 8654316556)
2026-08-28 12:35:56,503 [ERROR] aiogram.dispatcher: Failed to fetch updates - TelegramConflictError: Telegram server says - Conflict: terminated by other getUpdates request; make sure that only one bot instance is running
2026-08-28 12:35:56,503 [WARNING] aiogram.dispatcher: Sleep for 4.993764 seconds and try again... (tryings = 472, bot id = 8654316556)
2026-08-28 12:36:08,310 [ERROR] aiogram.dispatcher: Failed to fetch updates - TelegramConflictError: Telegram server says - Conflict: terminated by other getUpdates request; make sure that only one bot instance is running
2026-08-28 12:36:08,311 [WARNING] aiogram.dispatcher: Sleep for 5.262997 seconds and try again... (tryings = 473, bot id = 8654316556)
2026-08-28 12:36:20,379 [ERROR] aiogram.dispatcher: Failed to fetch updates - TelegramConflictError: Telegram server says - Conflict: terminated by other getUpdates request; make sure that only one bot instance is running
2026-08-28 12:36:20,379 [WARNING] aiogram.dispatcher: Sleep for 5.048971 seconds and try again... (tryings = 474, bot id = 8654316556)
2026-08-28 12:36:32,227 [ERROR] aiogram.dispatcher: Failed to fetch updates - TelegramConflictError: Telegram server says - Conflict: terminated by other getUpdates request; make sure that only one bot instance is running
2026-08-28 12:36:32,227 [WARNING] aiogram.dispatcher: Sleep for 5.063416 seconds and try again... (tryings = 475, bot id = 8654316556)
2026-08-28 12:36:44,126 [ERROR] aiogram.dispatcher: Failed to fetch updates - TelegramConflictError: Telegram server says - Conflict: terminated by other getUpdates request; make sure that only one bot instance is running
2026-08-28 12:36:44,126 [WARNING] aiogram.dispatcher: Sleep for 5.243106 seconds and try again... (tryings = 476, bot id = 8654316556)
2026-08-28 12:36:56,166 [ERROR] aiogram.dispatcher: Failed to fetch updates - TelegramConflictError: Telegram server says - Conflict: terminated by other getUpdates request; make sure that only one bot instance is running
2026-08-28 12:36:56,166 [WARNING] aiogram.dispatcher: Sleep for 5.158768 seconds and try again... (tryings = 477, bot id = 8654316556)
2026-08-28 12:37:08,109 [ERROR] aiogram.dispatcher: Failed to fetch updates - TelegramConflictError: Telegram server says - Conflict: terminated by other getUpdates request; make sure that only one bot instance is running
2026-08-28 12:37:08,109 [WARNING] aiogram.dispatcher: Sleep for 4.959489 seconds and try again... (tryings = 478, bot id = 8654316556)
2026-08-28 12:37:19,890 [ERROR] aiogram.dispatcher: Failed to fetch updates - TelegramConflictError: Telegram server says - Conflict: terminated by other getUpdates request; make sure that only one bot instance is running
2026-08-28 12:37:19,890 [WARNING] aiogram.dispatcher: Sleep for 4.983431 seconds and try again... (tryings = 479, bot id = 8654316556)
2026-08-28 12:37:31,694 [ERROR] aiogram.dispatcher: Failed to fetch updates - TelegramConflictError: Telegram server says - Conflict: terminated by other getUpdates request; make sure that only one bot instance is running
2026-08-28 12:37:31,695 [WARNING] aiogram.dispatcher: Sleep for 5.020476 seconds and try again... (tryings = 480, bot id = 8654316556)
2026-08-28 12:37:43,525 [ERROR] aiogram.dispatcher: Failed to fetch updates - TelegramConflictError: Telegram server says - Conflict: terminated by other getUpdates request; make sure that only one bot instance is running
2026-08-28 12:37:43,525 [WARNING] aiogram.dispatcher: Sleep for 5.050327 seconds and try again... (tryings = 481, bot id = 8654316556)
2026-08-28 12:37:55,400 [ERROR] aiogram.dispatcher: Failed to fetch updates - TelegramConflictError: Telegram server says - Conflict: terminated by other getUpdates request; make sure that only one bot instance is running
2026-08-28 12:37:55,400 [WARNING] aiogram.dispatcher: Sleep for 4.975278 seconds and try again... (tryings = 482, bot id = 8654316556)
2026-08-28 12:38:07,196 [ERROR] aiogram.dispatcher: Failed to fetch updates - TelegramConflictError: Telegram server says - Conflict: terminated by other getUpdates request; make sure that only one bot instance is running
2026-08-28 12:38:07,196 [WARNING] aiogram.dispatcher: Sleep for 5.005189 seconds and try again... (tryings = 483, bot id = 8654316556)
2026-08-28 12:38:19,050 [ERROR] aiogram.dispatcher: Failed to fetch updates - TelegramConflictError: Telegram server says - Conflict: terminated by other getUpdates request; make sure that only one bot instance is running
2026-08-28 12:38:19,050 [WARNING] aiogram.dispatcher: Sleep for 4.943665 seconds and try again... (tryings = 484, bot id = 8654316556)
2026-08-28 12:38:30,810 [ERROR] aiogram.dispatcher: Failed to fetch updates - TelegramConflictError: Telegram server says - Conflict: terminated by other getUpdates request; make sure that only one bot instance is running
2026-08-28 12:38:30,810 [WARNING] aiogram.dispatcher: Sleep for 5.072634 seconds and try again... (tryings = 485, bot id = 8654316556)
2026-08-28 12:38:42,681 [ERROR] aiogram.dispatcher: Failed to fetch updates - TelegramConflictError: Telegram server says - Conflict: terminated by other getUpdates request; make sure that only one bot instance is running
2026-08-28 12:38:42,682 [WARNING] aiogram.dispatcher: Sleep for 4.823234 seconds and try again... (tryings = 486, bot id = 8654316556)
2026-08-28 12:38:54,292 [ERROR] aiogram.dispatcher: Failed to fetch updates - TelegramConflictError: Telegram server says - Conflict: terminated by other getUpdates request; make sure that only one bot instance is running
2026-08-28 12:38:54,293 [WARNING] aiogram.dispatcher: Sleep for 5.005988 seconds and try again... (tryings = 487, bot id = 8654316556)
2026-08-28 12:39:06,120 [ERROR] aiogram.dispatcher: Failed to fetch updates - TelegramConflictError: Telegram server says - Conflict: terminated by other getUpdates request; make sure that only one bot instance is running
2026-08-28 12:39:06,121 [WARNING] aiogram.dispatcher: Sleep for 4.956477 seconds and try again... (tryings = 488, bot id = 8654316556)
2026-08-28 12:39:17,903 [ERROR] aiogram.dispatcher: Failed to fetch updates - TelegramConflictError: Telegram server says - Conflict: terminated by other getUpdates request; make sure that only one bot instance is running
2026-08-28 12:39:17,903 [WARNING] aiogram.dispatcher: Sleep for 4.953725 seconds and try again... (tryings = 489, bot id = 8654316556)
2026-08-28 12:39:29,694 [ERROR] aiogram.dispatcher: Failed to fetch updates - TelegramConflictError: Telegram server says - Conflict: terminated by other getUpdates request; make sure that only one bot instance is running
2026-08-28 12:39:29,694 [WARNING] aiogram.dispatcher: Sleep for 4.748762 seconds and try again... (tryings = 490, bot id = 8654316556)
2026-08-28 12:39:41,250 [ERROR] aiogram.dispatcher: Failed to fetch updates - TelegramConflictError: Telegram server says - Conflict: terminated by other getUpdates request; make sure that only one bot instance is running
2026-08-28 12:39:41,251 [WARNING] aiogram.dispatcher: Sleep for 4.906063 seconds and try again... (tryings = 491, bot id = 8654316556)
2026-08-28 12:39:52,988 [ERROR] aiogram.dispatcher: Failed to fetch updates - TelegramConflictError: Telegram server says - Conflict: terminated by other getUpdates request; make sure that only one bot instance is running
2026-08-28 12:39:52,989 [WARNING] aiogram.dispatcher: Sleep for 5.080080 seconds and try again... (tryings = 492, bot id = 8654316556)
2026-08-28 12:40:04,888 [ERROR] aiogram.dispatcher: Failed to fetch updates - TelegramConflictError: Telegram server says - Conflict: terminated by other getUpdates request; make sure that only one bot instance is running
2026-08-28 12:40:04,889 [WARNING] aiogram.dispatcher: Sleep for 4.831690 seconds and try again... (tryings = 493, bot id = 8654316556)
2026-08-28 12:40:16,535 [ERROR] aiogram.dispatcher: Failed to fetch updates - TelegramConflictError: Telegram server says - Conflict: terminated by other getUpdates request; make sure that only one bot instance is running
2026-08-28 12:40:16,535 [WARNING] aiogram.dispatcher: Sleep for 5.055286 seconds and try again... (tryings = 494, bot id = 8654316556)
2026-08-28 12:40:28,420 [ERROR] aiogram.dispatcher: Failed to fetch updates - TelegramConflictError: Telegram server says - Conflict: terminated by other getUpdates request; make sure that only one bot instance is running
2026-08-28 12:40:28,420 [WARNING] aiogram.dispatcher: Sleep for 5.072623 seconds and try again... (tryings = 495, bot id = 8654316556)
2026-08-28 12:40:40,455 [ERROR] aiogram.dispatcher: Failed to fetch updates - TelegramConflictError: Telegram server says - Conflict: terminated by other getUpdates request; make sure that only one bot instance is running
2026-08-28 12:40:40,455 [WARNING] aiogram.dispatcher: Sleep for 5.061567 seconds and try again... (tryings = 496, bot id = 8654316556)
2026-08-28 12:40:52,309 [ERROR] aiogram.dispatcher: Failed to fetch updates - TelegramConflictError: Telegram server says - Conflict: terminated by other getUpdates request; make sure that only one bot instance is running
2026-08-28 12:40:52,310 [WARNING] aiogram.dispatcher: Sleep for 5.032966 seconds and try again... (tryings = 497, bot id = 8654316556)
2026-08-28 12:41:04,171 [ERROR] aiogram.dispatcher: Failed to fetch updates - TelegramConflictError: Telegram server says - Conflict: terminated by other getUpdates request; make sure that only one bot instance is running
2026-08-28 12:41:04,171 [WARNING] aiogram.dispatcher: Sleep for 5.065245 seconds and try again... (tryings = 498, bot id = 8654316556)
2026-08-28 12:41:16,078 [ERROR] aiogram.dispatcher: Failed to fetch updates - TelegramConflictError: Telegram server says - Conflict: terminated by other getUpdates request; make sure that only one bot instance is running
2026-08-28 12:41:16,078 [WARNING] aiogram.dispatcher: Sleep for 4.838336 seconds and try again... (tryings = 499, bot id = 8654316556)
2026-08-28 12:41:27,748 [ERROR] aiogram.dispatcher: Failed to fetch updates - TelegramConflictError: Telegram server says - Conflict: terminated by other getUpdates request; make sure that only one bot instance is running
2026-08-28 12:41:27,749 [WARNING] aiogram.dispatcher: Sleep for 4.924167 seconds and try again... (tryings = 500, bot id = 8654316556)
2026-08-28 12:41:39,482 [ERROR] aiogram.dispatcher: Failed to fetch updates - TelegramConflictError: Telegram server says - Conflict: terminated by other getUpdates request; make sure that only one bot instance is running
2026-08-28 12:41:39,483 [WARNING] aiogram.dispatcher: Sleep for 4.913522 seconds and try again... (tryings = 501, bot id = 8654316556)
2026-08-28 12:41:51,214 [ERROR] aiogram.dispatcher: Failed to fetch updates - TelegramConflictError: Telegram server says - Conflict: terminated by other getUpdates request; make sure that only one bot instance is running
2026-08-28 12:41:51,215 [WARNING] aiogram.dispatcher: Sleep for 5.008487 seconds and try again... (tryings = 502, bot id = 8654316556)
2026-08-28 12:42:03,037 [ERROR] aiogram.dispatcher: Failed to fetch updates - TelegramConflictError: Telegram server says - Conflict: terminated by other getUpdates request; make sure that only one bot instance is running
2026-08-28 12:42:03,038 [WARNING] aiogram.dispatcher: Sleep for 5.030183 seconds and try again... (tryings = 503, bot id = 8654316556)
2026-08-28 12:42:14,861 [ERROR] aiogram.dispatcher: Failed to fetch updates - TelegramConflictError: Telegram server says - Conflict: terminated by other getUpdates request; make sure that only one bot instance is running
2026-08-28 12:42:14,861 [WARNING] aiogram.dispatcher: Sleep for 5.145972 seconds and try again... (tryings = 504, bot id = 8654316556)
2026-08-28 12:42:26,812 [ERROR] aiogram.dispatcher: Failed to fetch updates - TelegramConflictError: Telegram server says - Conflict: terminated by other getUpdates request; make sure that only one bot instance is running
2026-08-28 12:42:26,812 [WARNING] aiogram.dispatcher: Sleep for 5.079806 seconds and try again... (tryings = 505, bot id = 8654316556)
2026-08-28 12:42:38,699 [ERROR] aiogram.dispatcher: Failed to fetch updates - TelegramConflictError: Telegram server says - Conflict: terminated by other getUpdates request; make sure that only one bot instance is running
2026-08-28 12:42:38,700 [WARNING] aiogram.dispatcher: Sleep for 5.073268 seconds and try again... (tryings = 506, bot id = 8654316556)
2026-08-28 12:42:50,572 [ERROR] aiogram.dispatcher: Failed to fetch updates - TelegramConflictError: Telegram server says - Conflict: terminated by other getUpdates request; make sure that only one bot instance is running
2026-08-28 12:42:50,572 [WARNING] aiogram.dispatcher: Sleep for 4.903825 seconds and try again... (tryings = 507, bot id = 8654316556)
2026-08-28 12:43:02,265 [ERROR] aiogram.dispatcher: Failed to fetch updates - TelegramConflictError: Telegram server says - Conflict: terminated by other getUpdates request; make sure that only one bot instance is running
2026-08-28 12:43:02,265 [WARNING] aiogram.dispatcher: Sleep for 4.842468 seconds and try again... (tryings = 508, bot id = 8654316556)
2026-08-28 12:43:13,932 [ERROR] aiogram.dispatcher: Failed to fetch updates - TelegramConflictError: Telegram server says - Conflict: terminated by other getUpdates request; make sure that only one bot instance is running
2026-08-28 12:43:13,932 [WARNING] aiogram.dispatcher: Sleep for 5.006693 seconds and try again... (tryings = 509, bot id = 8654316556)
2026-08-28 12:43:25,763 [ERROR] aiogram.dispatcher: Failed to fetch updates - TelegramConflictError: Telegram server says - Conflict: terminated by other getUpdates request; make sure that only one bot instance is running
2026-08-28 12:43:25,763 [WARNING] aiogram.dispatcher: Sleep for 5.014427 seconds and try again... (tryings = 510, bot id = 8654316556)
2026-08-28 12:43:37,596 [ERROR] aiogram.dispatcher: Failed to fetch updates - TelegramConflictError: Telegram server says - Conflict: terminated by other getUpdates request; make sure that only one bot instance is running
2026-08-28 12:43:37,597 [WARNING] aiogram.dispatcher: Sleep for 5.002380 seconds and try again... (tryings = 511, bot id = 8654316556)
2026-08-28 12:43:49,405 [ERROR] aiogram.dispatcher: Failed to fetch updates - TelegramConflictError: Telegram server says - Conflict: terminated by other getUpdates request; make sure that only one bot instance is running
2026-08-28 12:43:49,405 [WARNING] aiogram.dispatcher: Sleep for 4.879669 seconds and try again... (tryings = 512, bot id = 8654316556)
2026-08-28 12:44:01,119 [ERROR] aiogram.dispatcher: Failed to fetch updates - TelegramConflictError: Telegram server says - Conflict: terminated by other getUpdates request; make sure that only one bot instance is running
2026-08-28 12:44:01,119 [WARNING] aiogram.dispatcher: Sleep for 5.193367 seconds and try again... (tryings = 513, bot id = 8654316556)
2026-08-28 12:44:13,123 [ERROR] aiogram.dispatcher: Failed to fetch updates - TelegramConflictError: Telegram server says - Conflict: terminated by other getUpdates request; make sure that only one bot instance is running
2026-08-28 12:44:13,124 [WARNING] aiogram.dispatcher: Sleep for 5.152028 seconds and try again... (tryings = 514, bot id = 8654316556)
2026-08-28 12:44:25,088 [ERROR] aiogram.dispatcher: Failed to fetch updates - TelegramConflictError: Telegram server says - Conflict: terminated by other getUpdates request; make sure that only one bot instance is running
2026-08-28 12:44:25,089 [WARNING] aiogram.dispatcher: Sleep for 4.829437 seconds and try again... (tryings = 515, bot id = 8654316556)
2026-08-28 12:44:36,748 [ERROR] aiogram.dispatcher: Failed to fetch updates - TelegramConflictError: Telegram server says - Conflict: terminated by other getUpdates request; make sure that only one bot instance is running
2026-08-28 12:44:36,748 [WARNING] aiogram.dispatcher: Sleep for 4.917965 seconds and try again... (tryings = 516, bot id = 8654316556)
2026-08-28 12:44:48,487 [ERROR] aiogram.dispatcher: Failed to fetch updates - TelegramConflictError: Telegram server says - Conflict: terminated by other getUpdates request; make sure that only one bot instance is running
2026-08-28 12:44:48,487 [WARNING] aiogram.dispatcher: Sleep for 5.071651 seconds and try again... (tryings = 517, bot id = 8654316556)
2026-08-28 12:45:00,395 [ERROR] aiogram.dispatcher: Failed to fetch updates - TelegramConflictError: Telegram server says - Conflict: terminated by other getUpdates request; make sure that only one bot instance is running
2026-08-28 12:45:00,396 [WARNING] aiogram.dispatcher: Sleep for 5.316441 seconds and try again... (tryings = 518, bot id = 8654316556)
2026-08-28 12:45:12,528 [ERROR] aiogram.dispatcher: Failed to fetch updates - TelegramConflictError: Telegram server says - Conflict: terminated by other getUpdates request; make sure that only one bot instance is running
2026-08-28 12:45:12,528 [WARNING] aiogram.dispatcher: Sleep for 5.164509 seconds and try again... (tryings = 519, bot id = 8654316556)
2026-08-28 12:45:24,515 [ERROR] aiogram.dispatcher: Failed to fetch updates - TelegramConflictError: Telegram server says - Conflict: terminated by other getUpdates request; make sure that only one bot instance is running
2026-08-28 12:45:24,515 [WARNING] aiogram.dispatcher: Sleep for 4.903585 seconds and try again... (tryings = 520, bot id = 8654316556)
2026-08-28 12:45:36,230 [ERROR] aiogram.dispatcher: Failed to fetch updates - TelegramConflictError: Telegram server says - Conflict: terminated by other getUpdates request; make sure that only one bot instance is running
2026-08-28 12:45:36,230 [WARNING] aiogram.dispatcher: Sleep for 5.115195 seconds and try again... (tryings = 521, bot id = 8654316556)
2026-08-28 12:45:48,307 [ERROR] aiogram.dispatcher: Failed to fetch updates - TelegramConflictError: Telegram server says - Conflict: terminated by other getUpdates request; make sure that only one bot instance is running
2026-08-28 12:45:48,308 [WARNING] aiogram.dispatcher: Sleep for 5.083838 seconds and try again... (tryings = 522, bot id = 8654316556)
2026-08-28 12:45:59,029 [INFO] aiogram.dispatcher: Connection established (tryings = 523, bot id = 8654316556)
2026-08-28 12:45:59,033 [INFO] aiogram.event: Update id=234231329 is not handled. Duration 0 ms by bot id=8654316556
2026-08-28 12:46:00,179 [ERROR] aiogram.dispatcher: Failed to fetch updates - TelegramConflictError: Telegram server says - Conflict: terminated by other getUpdates request; make sure that only one bot instance is running
2026-08-28 12:46:00,179 [WARNING] aiogram.dispatcher: Sleep for 1.000000 seconds and try again... (tryings = 0, bot id = 8654316556)
2026-08-28 12:46:10,998 [ERROR] aiogram.dispatcher: Failed to fetch updates - TelegramConflictError: Telegram server says - Conflict: terminated by other getUpdates request; make sure that only one bot instance is running
2026-08-28 12:46:10,999 [WARNING] aiogram.dispatcher: Sleep for 1.234386 seconds and try again... (tryings = 1, bot id = 8654316556)
2026-08-28 12:46:22,067 [ERROR] aiogram.dispatcher: Failed to fetch updates - TelegramConflictError: Telegram server says - Conflict: terminated by other getUpdates request; make sure that only one bot instance is running
2026-08-28 12:46:22,068 [WARNING] aiogram.dispatcher: Sleep for 1.687281 seconds and try again... (tryings = 2, bot id = 8654316556)
2026-08-28 12:46:23,951 [INFO] aiogram.dispatcher: Connection established (tryings = 3, bot id = 8654316556)
2026-08-28 12:46:24,787 [INFO] aiogram.event: Update id=234231330 is handled. Duration 827 ms by bot id=8654316556
2026-08-28 12:46:28,086 [ERROR] aiogram.dispatcher: Failed to fetch updates - TelegramConflictError: Telegram server says - Conflict: terminated by other getUpdates request; make sure that only one bot instance is running
2026-08-28 12:46:28,087 [WARNING] aiogram.dispatcher: Sleep for 1.000000 seconds and try again... (tryings = 0, bot id = 8654316556)
2026-08-28 12:46:38,879 [ERROR] aiogram.dispatcher: Failed to fetch updates - TelegramConflictError: Telegram server says - Conflict: terminated by other getUpdates request; make sure that only one bot instance is running
2026-08-28 12:46:38,879 [WARNING] aiogram.dispatcher: Sleep for 1.296081 seconds and try again... (tryings = 1, bot id = 8654316556)
2026-08-28 12:46:49,998 [ERROR] aiogram.dispatcher: Failed to fetch updates - TelegramConflictError: Telegram server says - Conflict: terminated by other getUpdates request; make sure that only one bot instance is running
2026-08-28 12:46:49,999 [WARNING] aiogram.dispatcher: Sleep for 1.695364 seconds and try again... (tryings = 2, bot id = 8654316556)
2026-08-28 12:47:01,478 [ERROR] aiogram.dispatcher: Failed to fetch updates - TelegramConflictError: Telegram server says - Conflict: terminated by other getUpdates request; make sure that only one bot instance is running
2026-08-28 12:47:01,478 [WARNING] aiogram.dispatcher: Sleep for 2.107761 seconds and try again... (tryings = 3, bot id = 8654316556)
2026-08-28 12:47:13,397 [ERROR] aiogram.dispatcher: Failed to fetch updates - TelegramConflictError: Telegram server says - Conflict: terminated by other getUpdates request; make sure that only one bot instance is running
2026-08-28 12:47:13,397 [WARNING] aiogram.dispatcher: Sleep for 2.806293 seconds and try again... (tryings = 4, bot id = 8654316556)
2026-08-28 12:47:23,028 [ERROR] aiogram.dispatcher: Failed to fetch updates - TelegramConflictError: Telegram server says - Conflict: terminated by other getUpdates request; make sure that only one bot instance is running
2026-08-28 12:47:23,028 [WARNING] aiogram.dispatcher: Sleep for 3.667541 seconds and try again... (tryings = 5, bot id = 8654316556)
2026-08-28 12:47:33,475 [ERROR] aiogram.dispatcher: Failed to fetch updates - TelegramConflictError: Telegram server says - Conflict: terminated by other getUpdates request; make sure that only one bot instance is running
2026-08-28 12:47:33,475 [WARNING] aiogram.dispatcher: Sleep for 4.774921 seconds and try again... (tryings = 6, bot id = 8654316556)
2026-08-28 12:47:45,071 [ERROR] aiogram.dispatcher: Failed to fetch updates - TelegramConflictError: Telegram server says - Conflict: terminated by other getUpdates request; make sure that only one bot instance is running
2026-08-28 12:47:45,072 [WARNING] aiogram.dispatcher: Sleep for 4.745304 seconds and try again... (tryings = 7, bot id = 8654316556)
2026-08-28 12:47:56,609 [ERROR] aiogram.dispatcher: Failed to fetch updates - TelegramConflictError: Telegram server says - Conflict: terminated by other getUpdates request; make sure that only one bot instance is running
2026-08-28 12:47:56,609 [WARNING] aiogram.dispatcher: Sleep for 4.970719 seconds and try again... (tryings = 8, bot id = 8654316556)
2026-08-28 12:48:08,388 [ERROR] aiogram.dispatcher: Failed to fetch updates - TelegramConflictError: Telegram server says - Conflict: terminated by other getUpdates request; make sure that only one bot instance is running
2026-08-28 12:48:08,388 [WARNING] aiogram.dispatcher: Sleep for 5.122867 seconds and try again... (tryings = 9, bot id = 8654316556)
2026-08-28 12:48:20,302 [ERROR] aiogram.dispatcher: Failed to fetch updates - TelegramConflictError: Telegram server says - Conflict: terminated by other getUpdates request; make sure that only one bot instance is running
2026-08-28 12:48:20,302 [WARNING] aiogram.dispatcher: Sleep for 4.833389 seconds and try again... (tryings = 10, bot id = 8654316556)
2026-08-28 12:48:31,943 [ERROR] aiogram.dispatcher: Failed to fetch updates - TelegramConflictError: Telegram server says - Conflict: terminated by other getUpdates request; make sure that only one bot instance is running
2026-08-28 12:48:31,943 [WARNING] aiogram.dispatcher: Sleep for 4.985410 seconds and try again... (tryings = 11, bot id = 8654316556)
2026-08-28 12:48:43,773 [ERROR] aiogram.dispatcher: Failed to fetch updates - TelegramConflictError: Telegram server says - Conflict: terminated by other getUpdates request; make sure that only one bot instance is running
2026-08-28 12:48:43,773 [WARNING] aiogram.dispatcher: Sleep for 5.011757 seconds and try again... (tryings = 12, bot id = 8654316556)
2026-08-28 12:48:55,600 [ERROR] aiogram.dispatcher: Failed to fetch updates - TelegramConflictError: Telegram server says - Conflict: terminated by other getUpdates request; make sure that only one bot instance is running
2026-08-28 12:48:55,600 [WARNING] aiogram.dispatcher: Sleep for 5.103556 seconds and try again... (tryings = 13, bot id = 8654316556)
2026-08-28 12:49:07,513 [ERROR] aiogram.dispatcher: Failed to fetch updates - TelegramConflictError: Telegram server says - Conflict: terminated by other getUpdates request; make sure that only one bot instance is running
2026-08-28 12:49:07,514 [WARNING] aiogram.dispatcher: Sleep for 4.942018 seconds and try again... (tryings = 14, bot id = 8654316556)
2026-08-28 12:49:19,284 [ERROR] aiogram.dispatcher: Failed to fetch updates - TelegramConflictError: Telegram server says - Conflict: terminated by other getUpdates request; make sure that only one bot instance is running
2026-08-28 12:49:19,284 [WARNING] aiogram.dispatcher: Sleep for 5.158585 seconds and try again... (tryings = 15, bot id = 8654316556)
2026-08-28 12:49:31,247 [ERROR] aiogram.dispatcher: Failed to fetch updates - TelegramConflictError: Telegram server says - Conflict: terminated by other getUpdates request; make sure that only one bot instance is running
2026-08-28 12:49:31,247 [WARNING] aiogram.dispatcher: Sleep for 4.794510 seconds and try again... (tryings = 16, bot id = 8654316556)
2026-08-28 12:49:42,832 [ERROR] aiogram.dispatcher: Failed to fetch updates - TelegramConflictError: Telegram server says - Conflict: terminated by other getUpdates request; make sure that only one bot instance is running
2026-08-28 12:49:42,832 [WARNING] aiogram.dispatcher: Sleep for 4.986801 seconds and try again... (tryings = 17, bot id = 8654316556)
2026-08-28 12:49:54,632 [ERROR] aiogram.dispatcher: Failed to fetch updates - TelegramConflictError: Telegram server says - Conflict: terminated by other getUpdates request; make sure that only one bot instance is running
2026-08-28 12:49:54,632 [WARNING] aiogram.dispatcher: Sleep for 4.952099 seconds and try again... (tryings = 18, bot id = 8654316556)
2026-08-28 12:50:06,399 [ERROR] aiogram.dispatcher: Failed to fetch updates - TelegramConflictError: Telegram server says - Conflict: terminated by other getUpdates request; make sure that only one bot instance is running
2026-08-28 12:50:06,399 [WARNING] aiogram.dispatcher: Sleep for 5.179006 seconds and try again... (tryings = 19, bot id = 8654316556)
2026-08-28 12:50:18,492 [ERROR] aiogram.dispatcher: Failed to fetch updates - TelegramConflictError: Telegram server says - Conflict: terminated by other getUpdates request; make sure that only one bot instance is running
2026-08-28 12:50:18,492 [WARNING] aiogram.dispatcher: Sleep for 4.949306 seconds and try again... (tryings = 20, bot id = 8654316556)
2026-08-28 12:50:30,228 [ERROR] aiogram.dispatcher: Failed to fetch updates - TelegramConflictError: Telegram server says - Conflict: terminated by other getUpdates request; make sure that only one bot instance is running
2026-08-28 12:50:30,229 [WARNING] aiogram.dispatcher: Sleep for 5.048383 seconds and try again... (tryings = 21, bot id = 8654316556)
2026-08-28 12:50:42,061 [ERROR] aiogram.dispatcher: Failed to fetch updates - TelegramConflictError: Telegram server says - Conflict: terminated by other getUpdates request; make sure that only one bot instance is running
2026-08-28 12:50:42,061 [WARNING] aiogram.dispatcher: Sleep for 4.929789 seconds and try again... (tryings = 22, bot id = 8654316556)
2026-08-28 12:50:53,987 [ERROR] aiogram.dispatcher: Failed to fetch updates - TelegramConflictError: Telegram server says - Conflict: terminated by other getUpdates request; make sure that only one bot instance is running
2026-08-28 12:50:53,988 [WARNING] aiogram.dispatcher: Sleep for 4.974156 seconds and try again... (tryings = 23, bot id = 8654316556)
2026-08-28 12:51:05,763 [ERROR] aiogram.dispatcher: Failed to fetch updates - TelegramConflictError: Telegram server says - Conflict: terminated by other getUpdates request; make sure that only one bot instance is running
2026-08-28 12:51:05,763 [WARNING] aiogram.dispatcher: Sleep for 5.079573 seconds and try again... (tryings = 24, bot id = 8654316556)
2026-08-28 12:51:17,647 [ERROR] aiogram.dispatcher: Failed to fetch updates - TelegramConflictError: Telegram server says - Conflict: terminated by other getUpdates request; make sure that only one bot instance is running
2026-08-28 12:51:17,648 [WARNING] aiogram.dispatcher: Sleep for 4.982292 seconds and try again... (tryings = 25, bot id = 8654316556)
2026-08-28 12:51:29,451 [ERROR] aiogram.dispatcher: Failed to fetch updates - TelegramConflictError: Telegram server says - Conflict: terminated by other getUpdates request; make sure that only one bot instance is running
2026-08-28 12:51:29,451 [WARNING] aiogram.dispatcher: Sleep for 4.960888 seconds and try again... (tryings = 26, bot id = 8654316556)
2026-08-28 12:51:41,197 [ERROR] aiogram.dispatcher: Failed to fetch updates - TelegramConflictError: Telegram server says - Conflict: terminated by other getUpdates request; make sure that only one bot instance is running
2026-08-28 12:51:41,197 [WARNING] aiogram.dispatcher: Sleep for 5.022938 seconds and try again... (tryings = 27, bot id = 8654316556)
2026-08-28 12:51:53,039 [ERROR] aiogram.dispatcher: Failed to fetch updates - TelegramConflictError: Telegram server says - Conflict: terminated by other getUpdates request; make sure that only one bot instance is running
2026-08-28 12:51:53,040 [WARNING] aiogram.dispatcher: Sleep for 5.100528 seconds and try again... (tryings = 28, bot id = 8654316556)
2026-08-28 12:52:04,933 [ERROR] aiogram.dispatcher: Failed to fetch updates - TelegramConflictError: Telegram server says - Conflict: terminated by other getUpdates request; make sure that only one bot instance is running
2026-08-28 12:52:04,934 [WARNING] aiogram.dispatcher: Sleep for 4.979363 seconds and try again... (tryings = 29, bot id = 8654316556)
2026-08-28 12:52:16,725 [ERROR] aiogram.dispatcher: Failed to fetch updates - TelegramConflictError: Telegram server says - Conflict: terminated by other getUpdates request; make sure that only one bot instance is running
2026-08-28 12:52:16,725 [WARNING] aiogram.dispatcher: Sleep for 5.161970 seconds and try again... (tryings = 30, bot id = 8654316556)
2026-08-28 12:52:28,729 [ERROR] aiogram.dispatcher: Failed to fetch updates - TelegramConflictError: Telegram server says - Conflict: terminated by other getUpdates request; make sure that only one bot instance is running
2026-08-28 12:52:28,729 [WARNING] aiogram.dispatcher: Sleep for 4.997277 seconds and try again... (tryings = 31, bot id = 8654316556)
2026-08-28 12:52:40,536 [ERROR] aiogram.dispatcher: Failed to fetch updates - TelegramConflictError: Telegram server says - Conflict: terminated by other getUpdates request; make sure that only one bot instance is running
2026-08-28 12:52:40,536 [WARNING] aiogram.dispatcher: Sleep for 5.165999 seconds and try again... (tryings = 32, bot id = 8654316556)
2026-08-28 12:52:52,535 [ERROR] aiogram.dispatcher: Failed to fetch updates - TelegramConflictError: Telegram server says - Conflict: terminated by other getUpdates request; make sure that only one bot instance is running
2026-08-28 12:52:52,535 [WARNING] aiogram.dispatcher: Sleep for 4.817790 seconds and try again... (tryings = 33, bot id = 8654316556)
2026-08-28 12:53:04,146 [ERROR] aiogram.dispatcher: Failed to fetch updates - TelegramConflictError: Telegram server says - Conflict: terminated by other getUpdates request; make sure that only one bot instance is running
2026-08-28 12:53:04,146 [WARNING] aiogram.dispatcher: Sleep for 4.915289 seconds and try again... (tryings = 34, bot id = 8654316556)
2026-08-28 12:53:15,875 [ERROR] aiogram.dispatcher: Failed to fetch updates - TelegramConflictError: Telegram server says - Conflict: terminated by other getUpdates request; make sure that only one bot instance is running
2026-08-28 12:53:15,876 [WARNING] aiogram.dispatcher: Sleep for 5.030865 seconds and try again... (tryings = 35, bot id = 8654316556)
2026-08-28 12:53:27,709 [ERROR] aiogram.dispatcher: Failed to fetch updates - TelegramConflictError: Telegram server says - Conflict: terminated by other getUpdates request; make sure that only one bot instance is running
2026-08-28 12:53:27,709 [WARNING] aiogram.dispatcher: Sleep for 4.894461 seconds and try again... (tryings = 36, bot id = 8654316556)
2026-08-28 12:53:39,414 [ERROR] aiogram.dispatcher: Failed to fetch updates - TelegramConflictError: Telegram server says - Conflict: terminated by other getUpdates request; make sure that only one bot instance is running
2026-08-28 12:53:39,415 [WARNING] aiogram.dispatcher: Sleep for 5.026189 seconds and try again... (tryings = 37, bot id = 8654316556)
2026-08-28 12:53:51,248 [ERROR] aiogram.dispatcher: Failed to fetch updates - TelegramConflictError: Telegram server says - Conflict: terminated by other getUpdates request; make sure that only one bot instance is running
2026-08-28 12:53:51,249 [WARNING] aiogram.dispatcher: Sleep for 5.027308 seconds and try again... (tryings = 38, bot id = 8654316556)
2026-08-28 12:54:03,102 [ERROR] aiogram.dispatcher: Failed to fetch updates - TelegramConflictError: Telegram server says - Conflict: terminated by other getUpdates request; make sure that only one bot instance is running
2026-08-28 12:54:03,103 [WARNING] aiogram.dispatcher: Sleep for 5.033376 seconds and try again... (tryings = 39, bot id = 8654316556)
2026-08-28 12:54:14,947 [ERROR] aiogram.dispatcher: Failed to fetch updates - TelegramConflictError: Telegram server says - Conflict: terminated by other getUpdates request; make sure that only one bot instance is running
2026-08-28 12:54:14,948 [WARNING] aiogram.dispatcher: Sleep for 5.213039 seconds and try again... (tryings = 40, bot id = 8654316556)
2026-08-28 12:54:26,983 [ERROR] aiogram.dispatcher: Failed to fetch updates - TelegramConflictError: Telegram server says - Conflict: terminated by other getUpdates request; make sure that only one bot instance is running
2026-08-28 12:54:26,984 [WARNING] aiogram.dispatcher: Sleep for 4.999975 seconds and try again... (tryings = 41, bot id = 8654316556)
2026-08-28 12:54:38,818 [ERROR] aiogram.dispatcher: Failed to fetch updates - TelegramConflictError: Telegram server says - Conflict: terminated by other getUpdates request; make sure that only one bot instance is running
2026-08-28 12:54:38,819 [WARNING] aiogram.dispatcher: Sleep for 5.024931 seconds and try again... (tryings = 42, bot id = 8654316556)
2026-08-28 12:54:50,617 [ERROR] aiogram.dispatcher: Failed to fetch updates - TelegramConflictError: Telegram server says - Conflict: terminated by other getUpdates request; make sure that only one bot instance is running
2026-08-28 12:54:50,618 [WARNING] aiogram.dispatcher: Sleep for 5.008329 seconds and try again... (tryings = 43, bot id = 8654316556)
2026-08-28 12:55:02,425 [ERROR] aiogram.dispatcher: Failed to fetch updates - TelegramConflictError: Telegram server says - Conflict: terminated by other getUpdates request; make sure that only one bot instance is running
2026-08-28 12:55:02,425 [WARNING] aiogram.dispatcher: Sleep for 4.877025 seconds and try again... (tryings = 44, bot id = 8654316556)
2026-08-28 12:55:14,115 [ERROR] aiogram.dispatcher: Failed to fetch updates - TelegramConflictError: Telegram server says - Conflict: terminated by other getUpdates request; make sure that only one bot instance is running
2026-08-28 12:55:14,115 [WARNING] aiogram.dispatcher: Sleep for 4.878915 seconds and try again... (tryings = 45, bot id = 8654316556)
2026-08-28 12:55:25,826 [ERROR] aiogram.dispatcher: Failed to fetch updates - TelegramConflictError: Telegram server says - Conflict: terminated by other getUpdates request; make sure that only one bot instance is running
2026-08-28 12:55:25,827 [WARNING] aiogram.dispatcher: Sleep for 5.031163 seconds and try again... (tryings = 46, bot id = 8654316556)
2026-08-28 12:55:37,676 [ERROR] aiogram.dispatcher: Failed to fetch updates - TelegramConflictError: Telegram server says - Conflict: terminated by other getUpdates request; make sure that only one bot instance is running
2026-08-28 12:55:37,677 [WARNING] aiogram.dispatcher: Sleep for 5.010276 seconds and try again... (tryings = 47, bot id = 8654316556)
2026-08-28 12:55:49,525 [ERROR] aiogram.dispatcher: Failed to fetch updates - TelegramConflictError: Telegram server says - Conflict: terminated by other getUpdates request; make sure that only one bot instance is running
2026-08-28 12:55:49,525 [WARNING] aiogram.dispatcher: Sleep for 4.877826 seconds and try again... (tryings = 48, bot id = 8654316556)
2026-08-28 12:56:01,405 [ERROR] aiogram.dispatcher: Failed to fetch updates - TelegramConflictError: Telegram server says - Conflict: terminated by other getUpdates request; make sure that only one bot instance is running
2026-08-28 12:56:01,405 [WARNING] aiogram.dispatcher: Sleep for 5.110520 seconds and try again... (tryings = 49, bot id = 8654316556)
2026-08-28 12:56:13,334 [ERROR] aiogram.dispatcher: Failed to fetch updates - TelegramConflictError: Telegram server says - Conflict: terminated by other getUpdates request; make sure that only one bot instance is running
2026-08-28 12:56:13,334 [WARNING] aiogram.dispatcher: Sleep for 4.914648 seconds and try again... (tryings = 50, bot id = 8654316556)
2026-08-28 12:56:25,037 [ERROR] aiogram.dispatcher: Failed to fetch updates - TelegramConflictError: Telegram server says - Conflict: terminated by other getUpdates request; make sure that only one bot instance is running
2026-08-28 12:56:25,037 [WARNING] aiogram.dispatcher: Sleep for 4.889868 seconds and try again... (tryings = 51, bot id = 8654316556)
2026-08-28 12:56:36,732 [ERROR] aiogram.dispatcher: Failed to fetch updates - TelegramConflictError: Telegram server says - Conflict: terminated by other getUpdates request; make sure that only one bot instance is running
2026-08-28 12:56:36,733 [WARNING] aiogram.dispatcher: Sleep for 5.089495 seconds and try again... (tryings = 52, bot id = 8654316556)
2026-08-28 12:56:48,619 [ERROR] aiogram.dispatcher: Failed to fetch updates - TelegramConflictError: Telegram server says - Conflict: terminated by other getUpdates request; make sure that only one bot instance is running
2026-08-28 12:56:48,620 [WARNING] aiogram.dispatcher: Sleep for 5.037666 seconds and try again... (tryings = 53, bot id = 8654316556)
2026-08-28 12:57:00,480 [ERROR] aiogram.dispatcher: Failed to fetch updates - TelegramConflictError: Telegram server says - Conflict: terminated by other getUpdates request; make sure that only one bot instance is running
2026-08-28 12:57:00,481 [WARNING] aiogram.dispatcher: Sleep for 4.930445 seconds and try again... (tryings = 54, bot id = 8654316556)
2026-08-28 12:57:12,187 [ERROR] aiogram.dispatcher: Failed to fetch updates - TelegramConflictError: Telegram server says - Conflict: terminated by other getUpdates request; make sure that only one bot instance is running
2026-08-28 12:57:12,188 [WARNING] aiogram.dispatcher: Sleep for 4.958294 seconds and try again... (tryings = 55, bot id = 8654316556)
2026-08-28 12:57:23,941 [ERROR] aiogram.dispatcher: Failed to fetch updates - TelegramConflictError: Telegram server says - Conflict: terminated by other getUpdates request; make sure that only one bot instance is running
2026-08-28 12:57:23,941 [WARNING] aiogram.dispatcher: Sleep for 5.205984 seconds and try again... (tryings = 56, bot id = 8654316556)
2026-08-28 12:57:35,974 [ERROR] aiogram.dispatcher: Failed to fetch updates - TelegramConflictError: Telegram server says - Conflict: terminated by other getUpdates request; make sure that only one bot instance is running
2026-08-28 12:57:35,974 [WARNING] aiogram.dispatcher: Sleep for 4.828410 seconds and try again... (tryings = 57, bot id = 8654316556)
2026-08-28 12:57:47,617 [ERROR] aiogram.dispatcher: Failed to fetch updates - TelegramConflictError: Telegram server says - Conflict: terminated by other getUpdates request; make sure that only one bot instance is running
2026-08-28 12:57:47,617 [WARNING] aiogram.dispatcher: Sleep for 4.967920 seconds and try again... (tryings = 58, bot id = 8654316556)
2026-08-28 12:57:59,387 [ERROR] aiogram.dispatcher: Failed to fetch updates - TelegramConflictError: Telegram server says - Conflict: terminated by other getUpdates request; make sure that only one bot instance is running
2026-08-28 12:57:59,388 [WARNING] aiogram.dispatcher: Sleep for 5.025041 seconds and try again... (tryings = 59, bot id = 8654316556)
2026-08-28 12:58:11,192 [ERROR] aiogram.dispatcher: Failed to fetch updates - TelegramConflictError: Telegram server says - Conflict: terminated by other getUpdates request; make sure that only one bot instance is running
2026-08-28 12:58:11,193 [WARNING] aiogram.dispatcher: Sleep for 5.022957 seconds and try again... (tryings = 60, bot id = 8654316556)
2026-08-28 12:58:23,019 [ERROR] aiogram.dispatcher: Failed to fetch updates - TelegramConflictError: Telegram server says - Conflict: terminated by other getUpdates request; make sure that only one bot instance is running
2026-08-28 12:58:23,019 [WARNING] aiogram.dispatcher: Sleep for 4.984566 seconds and try again... (tryings = 61, bot id = 8654316556)
2026-08-28 12:58:34,813 [ERROR] aiogram.dispatcher: Failed to fetch updates - TelegramConflictError: Telegram server says - Conflict: terminated by other getUpdates request; make sure that only one bot instance is running
2026-08-28 12:58:34,814 [WARNING] aiogram.dispatcher: Sleep for 5.113207 seconds and try again... (tryings = 62, bot id = 8654316556)
2026-08-28 12:58:49,386 [ERROR] aiogram.dispatcher: Failed to fetch updates - TelegramConflictError: Telegram server says - Conflict: terminated by other getUpdates request; make sure that only one bot instance is running
2026-08-28 12:58:49,387 [WARNING] aiogram.dispatcher: Sleep for 5.033377 seconds and try again... (tryings = 63, bot id = 8654316556)
2026-08-28 12:59:01,233 [ERROR] aiogram.dispatcher: Failed to fetch updates - TelegramConflictError: Telegram server says - Conflict: terminated by other getUpdates request; make sure that only one bot instance is running
2026-08-28 12:59:01,234 [WARNING] aiogram.dispatcher: Sleep for 5.006679 seconds and try again... (tryings = 64, bot id = 8654316556)
2026-08-28 12:59:13,046 [ERROR] aiogram.dispatcher: Failed to fetch updates - TelegramConflictError: Telegram server says - Conflict: terminated by other getUpdates request; make sure that only one bot instance is running
2026-08-28 12:59:13,046 [WARNING] aiogram.dispatcher: Sleep for 5.064022 seconds and try again... (tryings = 65, bot id = 8654316556)
2026-08-28 12:59:24,939 [ERROR] aiogram.dispatcher: Failed to fetch updates - TelegramConflictError: Telegram server says - Conflict: terminated by other getUpdates request; make sure that only one bot instance is running
2026-08-28 12:59:24,939 [WARNING] aiogram.dispatcher: Sleep for 4.966466 seconds and try again... (tryings = 66, bot id = 8654316556)
2026-08-28 12:59:36,694 [ERROR] aiogram.dispatcher: Failed to fetch updates - TelegramConflictError: Telegram server says - Conflict: terminated by other getUpdates request; make sure that only one bot instance is running
2026-08-28 12:59:36,694 [WARNING] aiogram.dispatcher: Sleep for 5.109943 seconds and try again... (tryings = 67, bot id = 8654316556)
2026-08-28 12:59:48,638 [ERROR] aiogram.dispatcher: Failed to fetch updates - TelegramConflictError: Telegram server says - Conflict: terminated by other getUpdates request; make sure that only one bot instance is running
2026-08-28 12:59:48,638 [WARNING] aiogram.dispatcher: Sleep for 5.152268 seconds and try again... (tryings = 68, bot id = 8654316556)
2026-08-28 13:00:00,566 [ERROR] aiogram.dispatcher: Failed to fetch updates - TelegramConflictError: Telegram server says - Conflict: terminated by other getUpdates request; make sure that only one bot instance is running
2026-08-28 13:00:00,566 [WARNING] aiogram.dispatcher: Sleep for 4.943936 seconds and try again... (tryings = 69, bot id = 8654316556)
2026-08-28 13:00:12,331 [ERROR] aiogram.dispatcher: Failed to fetch updates - TelegramConflictError: Telegram server says - Conflict: terminated by other getUpdates request; make sure that only one bot instance is running
2026-08-28 13:00:12,331 [WARNING] aiogram.dispatcher: Sleep for 5.020979 seconds and try again... (tryings = 70, bot id = 8654316556)
2026-08-28 13:00:24,213 [ERROR] aiogram.dispatcher: Failed to fetch updates - TelegramConflictError: Telegram server says - Conflict: terminated by other getUpdates request; make sure that only one bot instance is running
2026-08-28 13:00:24,214 [WARNING] aiogram.dispatcher: Sleep for 4.922271 seconds and try again... (tryings = 71, bot id = 8654316556)
2026-08-28 13:00:57,326 [INFO] tg_video_bot.audit: Запуск полного аудита системы и проверки компонентов...
2026-08-28 13:00:57,330 [INFO] tg_video_bot.audit: Аудит БД: ОК (Треков: 5, Футажей: 99, Инфлюенсеров: 30)
2026-08-28 13:00:57,408 [INFO] tg_video_bot.audit: Аудит субтитров: ОК (все 6 стилей срендерены)
2026-08-28 13:00:58,015 [INFO] services.chorus_extractor: [Auto-Chorus] Загрузка файла для анализа: C:\Users\a.feoktistov\.gemini\antigravity\scratch\tg_video_bot\downloads\music\snippets\segment_161_130_160.mp3
2026-08-28 13:00:59,675 [INFO] services.chorus_extractor: [Auto-Chorus] Припев найден: 12.1s - 27.1s (оценка: 0.29)
2026-08-28 13:00:59,915 [INFO] tg_video_bot.audit: Аудит припевов: ОК (найден припев 12.1-27.1s)
2026-08-28 13:00:59,916 [INFO] tg_video_bot.audit: Аудит клавиатур Telegram: ОК
2026-08-28 13:00:59,916 [INFO] tg_video_bot.audit: Аудит соединения роутеров и эндпоинтов: ОК
2026-08-28 13:00:59,916 [INFO] tg_video_bot.audit: Полный аудит завершен успешно. БАГОВ НЕ ОБНАРУЖЕНО.
2026-08-28 13:00:59,917 [INFO] tg_video_bot: Запуск системы SnipPlitAiStudio...
2026-08-28 13:00:59,917 [INFO] tg_video_bot: Бот Telegram (aiogram) запущен и готов к обработке команд.
2026-08-28 13:00:59,918 [INFO] tg_video_bot: Запуск сервера FastAPI/Uvicorn на http://localhost:8000
2026-08-28 13:00:59,934 [INFO] aiogram.dispatcher: Start polling
2026-08-28 13:01:00,640 [INFO] aiogram.dispatcher: Run polling for bot @SnipPlit_bot id=8654316556 - 'Plitty 🐾 | SnipPlit'
2026-08-28 13:01:07,569 [ERROR] aiogram.dispatcher: Failed to fetch updates - TelegramConflictError: Telegram server says - Conflict: terminated by other getUpdates request; make sure that only one bot instance is running
2026-08-28 13:01:07,569 [WARNING] aiogram.dispatcher: Sleep for 1.000000 seconds and try again... (tryings = 0, bot id = 8654316556)
2026-08-28 13:01:18,375 [ERROR] aiogram.dispatcher: Failed to fetch updates - TelegramConflictError: Telegram server says - Conflict: terminated by other getUpdates request; make sure that only one bot instance is running
2026-08-28 13:01:18,375 [WARNING] aiogram.dispatcher: Sleep for 1.310491 seconds and try again... (tryings = 1, bot id = 8654316556)
2026-08-28 13:01:29,486 [ERROR] aiogram.dispatcher: Failed to fetch updates - TelegramConflictError: Telegram server says - Conflict: terminated by other getUpdates request; make sure that only one bot instance is running
2026-08-28 13:01:29,487 [WARNING] aiogram.dispatcher: Sleep for 1.507961 seconds and try again... (tryings = 2, bot id = 8654316556)
2026-08-28 13:01:40,796 [ERROR] aiogram.dispatcher: Failed to fetch updates - TelegramConflictError: Telegram server says - Conflict: terminated by other getUpdates request; make sure that only one bot instance is running
2026-08-28 13:01:40,796 [WARNING] aiogram.dispatcher: Sleep for 1.881872 seconds and try again... (tryings = 3, bot id = 8654316556)
2026-08-28 13:01:52,466 [ERROR] aiogram.dispatcher: Failed to fetch updates - TelegramConflictError: Telegram server says - Conflict: terminated by other getUpdates request; make sure that only one bot instance is running
2026-08-28 13:01:52,467 [WARNING] aiogram.dispatcher: Sleep for 2.462928 seconds and try again... (tryings = 4, bot id = 8654316556)
2026-08-28 13:02:04,694 [ERROR] aiogram.dispatcher: Failed to fetch updates - TelegramConflictError: Telegram server says - Conflict: terminated by other getUpdates request; make sure that only one bot instance is running
2026-08-28 13:02:04,694 [WARNING] aiogram.dispatcher: Sleep for 3.231913 seconds and try again... (tryings = 5, bot id = 8654316556)
2026-08-28 13:02:14,727 [ERROR] aiogram.dispatcher: Failed to fetch updates - TelegramConflictError: Telegram server says - Conflict: terminated by other getUpdates request; make sure that only one bot instance is running
2026-08-28 13:02:14,728 [WARNING] aiogram.dispatcher: Sleep for 4.321206 seconds and try again... (tryings = 6, bot id = 8654316556)
2026-08-28 13:02:25,846 [ERROR] aiogram.dispatcher: Failed to fetch updates - TelegramConflictError: Telegram server says - Conflict: terminated by other getUpdates request; make sure that only one bot instance is running
2026-08-28 13:02:25,847 [WARNING] aiogram.dispatcher: Sleep for 4.958444 seconds and try again... (tryings = 7, bot id = 8654316556)
2026-08-28 13:03:01,840 [INFO] tg_video_bot.audit: Запуск полного аудита системы и проверки компонентов...
2026-08-28 13:03:01,843 [INFO] tg_video_bot.audit: Аудит БД: ОК (Треков: 5, Футажей: 99, Инфлюенсеров: 30)
2026-08-28 13:03:01,922 [INFO] tg_video_bot.audit: Аудит субтитров: ОК (все 6 стилей срендерены)
2026-08-28 13:03:02,550 [INFO] services.chorus_extractor: [Auto-Chorus] Загрузка файла для анализа: C:\Users\a.feoktistov\.gemini\antigravity\scratch\tg_video_bot\downloads\music\snippets\segment_161_130_160.mp3
2026-08-28 13:03:04,318 [INFO] services.chorus_extractor: [Auto-Chorus] Припев найден: 12.1s - 27.1s (оценка: 0.29)
2026-08-28 13:03:04,584 [INFO] tg_video_bot.audit: Аудит припевов: ОК (найден припев 12.1-27.1s)
2026-08-28 13:03:04,584 [INFO] tg_video_bot.audit: Аудит клавиатур Telegram: ОК
2026-08-28 13:03:04,584 [INFO] tg_video_bot.audit: Аудит соединения роутеров и эндпоинтов: ОК
2026-08-28 13:03:04,584 [INFO] tg_video_bot.audit: Полный аудит завершен успешно. БАГОВ НЕ ОБНАРУЖЕНО.
2026-08-28 13:03:04,584 [INFO] tg_video_bot: Запуск системы SnipPlitAiStudio...
2026-08-28 13:03:04,584 [INFO] tg_video_bot: Бот Telegram (aiogram) запущен в защищенном режиме.
2026-08-28 13:03:04,585 [INFO] tg_video_bot: Запуск сервера FastAPI/Uvicorn на http://localhost:8000
2026-08-28 13:03:04,598 [INFO] aiogram.dispatcher: Start polling
2026-08-28 13:03:05,211 [INFO] aiogram.dispatcher: Run polling for bot @SnipPlit_bot id=8654316556 - 'Plitty 🐾 | SnipPlit'
2026-08-28 13:03:11,995 [ERROR] aiogram.dispatcher: Failed to fetch updates - TelegramConflictError: Telegram server says - Conflict: terminated by other getUpdates request; make sure that only one bot instance is running
2026-08-28 13:03:11,995 [WARNING] aiogram.dispatcher: Sleep for 1.000000 seconds and try again... (tryings = 0, bot id = 8654316556)
2026-08-28 13:03:22,758 [ERROR] aiogram.dispatcher: Failed to fetch updates - TelegramConflictError: Telegram server says - Conflict: terminated by other getUpdates request; make sure that only one bot instance is running
2026-08-28 13:03:22,758 [WARNING] aiogram.dispatcher: Sleep for 1.182094 seconds and try again... (tryings = 1, bot id = 8654316556)
2026-08-28 13:03:33,731 [ERROR] aiogram.dispatcher: Failed to fetch updates - TelegramConflictError: Telegram server says - Conflict: terminated by other getUpdates request; make sure that only one bot instance is running
2026-08-28 13:03:33,731 [WARNING] aiogram.dispatcher: Sleep for 1.620840 seconds and try again... (tryings = 2, bot id = 8654316556)
2026-08-28 13:03:45,162 [ERROR] aiogram.dispatcher: Failed to fetch updates - TelegramConflictError: Telegram server says - Conflict: terminated by other getUpdates request; make sure that only one bot instance is running
2026-08-28 13:03:45,163 [WARNING] aiogram.dispatcher: Sleep for 2.281280 seconds and try again... (tryings = 3, bot id = 8654316556)
2026-08-28 13:03:57,250 [ERROR] aiogram.dispatcher: Failed to fetch updates - TelegramConflictError: Telegram server says - Conflict: terminated by other getUpdates request; make sure that only one bot instance is running
2026-08-28 13:03:57,251 [WARNING] aiogram.dispatcher: Sleep for 2.849896 seconds and try again... (tryings = 4, bot id = 8654316556)
2026-08-28 13:04:06,932 [ERROR] aiogram.dispatcher: Failed to fetch updates - TelegramConflictError: Telegram server says - Conflict: terminated by other getUpdates request; make sure that only one bot instance is running
2026-08-28 13:04:06,932 [WARNING] aiogram.dispatcher: Sleep for 3.786126 seconds and try again... (tryings = 5, bot id = 8654316556)
2026-08-28 13:04:17,507 [ERROR] aiogram.dispatcher: Failed to fetch updates - TelegramConflictError: Telegram server says - Conflict: terminated by other getUpdates request; make sure that only one bot instance is running
2026-08-28 13:04:17,507 [WARNING] aiogram.dispatcher: Sleep for 5.044125 seconds and try again... (tryings = 6, bot id = 8654316556)
2026-08-28 13:04:29,352 [ERROR] aiogram.dispatcher: Failed to fetch updates - TelegramConflictError: Telegram server says - Conflict: terminated by other getUpdates request; make sure that only one bot instance is running
2026-08-28 13:04:29,353 [WARNING] aiogram.dispatcher: Sleep for 5.118109 seconds and try again... (tryings = 7, bot id = 8654316556)
2026-08-28 13:04:41,261 [ERROR] aiogram.dispatcher: Failed to fetch updates - TelegramConflictError: Telegram server says - Conflict: terminated by other getUpdates request; make sure that only one bot instance is running
2026-08-28 13:04:41,261 [WARNING] aiogram.dispatcher: Sleep for 4.990514 seconds and try again... (tryings = 8, bot id = 8654316556)
2026-08-28 13:04:53,048 [ERROR] aiogram.dispatcher: Failed to fetch updates - TelegramConflictError: Telegram server says - Conflict: terminated by other getUpdates request; make sure that only one bot instance is running
2026-08-28 13:04:53,048 [WARNING] aiogram.dispatcher: Sleep for 5.006790 seconds and try again... (tryings = 9, bot id = 8654316556)
2026-08-28 13:05:04,886 [ERROR] aiogram.dispatcher: Failed to fetch updates - TelegramConflictError: Telegram server says - Conflict: terminated by other getUpdates request; make sure that only one bot instance is running
2026-08-28 13:05:04,887 [WARNING] aiogram.dispatcher: Sleep for 4.900735 seconds and try again... (tryings = 10, bot id = 8654316556)
2026-08-28 13:05:16,595 [ERROR] aiogram.dispatcher: Failed to fetch updates - TelegramConflictError: Telegram server says - Conflict: terminated by other getUpdates request; make sure that only one bot instance is running
2026-08-28 13:05:16,595 [WARNING] aiogram.dispatcher: Sleep for 4.963246 seconds and try again... (tryings = 11, bot id = 8654316556)
2026-08-28 13:05:28,372 [ERROR] aiogram.dispatcher: Failed to fetch updates - TelegramConflictError: Telegram server says - Conflict: terminated by other getUpdates request; make sure that only one bot instance is running
2026-08-28 13:05:28,373 [WARNING] aiogram.dispatcher: Sleep for 4.917900 seconds and try again... (tryings = 12, bot id = 8654316556)
2026-08-28 13:05:40,089 [ERROR] aiogram.dispatcher: Failed to fetch updates - TelegramConflictError: Telegram server says - Conflict: terminated by other getUpdates request; make sure that only one bot instance is running
2026-08-28 13:05:40,089 [WARNING] aiogram.dispatcher: Sleep for 4.838836 seconds and try again... (tryings = 13, bot id = 8654316556)
2026-08-28 13:05:51,727 [ERROR] aiogram.dispatcher: Failed to fetch updates - TelegramConflictError: Telegram server says - Conflict: terminated by other getUpdates request; make sure that only one bot instance is running
2026-08-28 13:05:51,728 [WARNING] aiogram.dispatcher: Sleep for 5.073281 seconds and try again... (tryings = 14, bot id = 8654316556)
2026-08-28 13:06:03,702 [ERROR] aiogram.dispatcher: Failed to fetch updates - TelegramConflictError: Telegram server says - Conflict: terminated by other getUpdates request; make sure that only one bot instance is running
2026-08-28 13:06:03,702 [WARNING] aiogram.dispatcher: Sleep for 5.245450 seconds and try again... (tryings = 15, bot id = 8654316556)
2026-08-28 13:06:16,012 [ERROR] aiogram.dispatcher: Failed to fetch updates - TelegramConflictError: Telegram server says - Conflict: terminated by other getUpdates request; make sure that only one bot instance is running
2026-08-28 13:06:16,013 [WARNING] aiogram.dispatcher: Sleep for 4.983386 seconds and try again... (tryings = 16, bot id = 8654316556)
2026-08-28 13:06:27,795 [ERROR] aiogram.dispatcher: Failed to fetch updates - TelegramConflictError: Telegram server says - Conflict: terminated by other getUpdates request; make sure that only one bot instance is running
2026-08-28 13:06:27,795 [WARNING] aiogram.dispatcher: Sleep for 5.022686 seconds and try again... (tryings = 17, bot id = 8654316556)
2026-08-28 13:06:39,607 [ERROR] aiogram.dispatcher: Failed to fetch updates - TelegramConflictError: Telegram server says - Conflict: terminated by other getUpdates request; make sure that only one bot instance is running
2026-08-28 13:06:39,608 [WARNING] aiogram.dispatcher: Sleep for 5.145188 seconds and try again... (tryings = 18, bot id = 8654316556)
2026-08-28 13:06:51,565 [ERROR] aiogram.dispatcher: Failed to fetch updates - TelegramConflictError: Telegram server says - Conflict: terminated by other getUpdates request; make sure that only one bot instance is running
2026-08-28 13:06:51,565 [WARNING] aiogram.dispatcher: Sleep for 5.070055 seconds and try again... (tryings = 19, bot id = 8654316556)
2026-08-28 13:07:03,448 [ERROR] aiogram.dispatcher: Failed to fetch updates - TelegramConflictError: Telegram server says - Conflict: terminated by other getUpdates request; make sure that only one bot instance is running
2026-08-28 13:07:03,448 [WARNING] aiogram.dispatcher: Sleep for 5.050840 seconds and try again... (tryings = 20, bot id = 8654316556)
2026-08-28 13:07:15,318 [ERROR] aiogram.dispatcher: Failed to fetch updates - TelegramConflictError: Telegram server says - Conflict: terminated by other getUpdates request; make sure that only one bot instance is running
2026-08-28 13:07:15,319 [WARNING] aiogram.dispatcher: Sleep for 5.063704 seconds and try again... (tryings = 21, bot id = 8654316556)
2026-08-28 13:07:27,210 [ERROR] aiogram.dispatcher: Failed to fetch updates - TelegramConflictError: Telegram server says - Conflict: terminated by other getUpdates request; make sure that only one bot instance is running
2026-08-28 13:07:27,211 [WARNING] aiogram.dispatcher: Sleep for 4.765436 seconds and try again... (tryings = 22, bot id = 8654316556)
2026-08-28 13:07:38,766 [ERROR] aiogram.dispatcher: Failed to fetch updates - TelegramConflictError: Telegram server says - Conflict: terminated by other getUpdates request; make sure that only one bot instance is running
2026-08-28 13:07:38,766 [WARNING] aiogram.dispatcher: Sleep for 5.070313 seconds and try again... (tryings = 23, bot id = 8654316556)
2026-08-28 13:07:50,668 [ERROR] aiogram.dispatcher: Failed to fetch updates - TelegramConflictError: Telegram server says - Conflict: terminated by other getUpdates request; make sure that only one bot instance is running
2026-08-28 13:07:50,669 [WARNING] aiogram.dispatcher: Sleep for 4.999986 seconds and try again... (tryings = 24, bot id = 8654316556)
2026-08-28 13:08:02,497 [ERROR] aiogram.dispatcher: Failed to fetch updates - TelegramConflictError: Telegram server says - Conflict: terminated by other getUpdates request; make sure that only one bot instance is running
2026-08-28 13:08:02,497 [WARNING] aiogram.dispatcher: Sleep for 4.909000 seconds and try again... (tryings = 25, bot id = 8654316556)
2026-08-28 13:08:14,221 [ERROR] aiogram.dispatcher: Failed to fetch updates - TelegramConflictError: Telegram server says - Conflict: terminated by other getUpdates request; make sure that only one bot instance is running
2026-08-28 13:08:14,221 [WARNING] aiogram.dispatcher: Sleep for 5.011863 seconds and try again... (tryings = 26, bot id = 8654316556)
2026-08-28 13:08:26,025 [ERROR] aiogram.dispatcher: Failed to fetch updates - TelegramConflictError: Telegram server says - Conflict: terminated by other getUpdates request; make sure that only one bot instance is running
2026-08-28 13:08:26,025 [WARNING] aiogram.dispatcher: Sleep for 4.923022 seconds and try again... (tryings = 27, bot id = 8654316556)
2026-08-28 13:08:37,763 [ERROR] aiogram.dispatcher: Failed to fetch updates - TelegramConflictError: Telegram server says - Conflict: terminated by other getUpdates request; make sure that only one bot instance is running
2026-08-28 13:08:37,764 [WARNING] aiogram.dispatcher: Sleep for 4.988127 seconds and try again... (tryings = 28, bot id = 8654316556)
2026-08-28 13:08:49,601 [ERROR] aiogram.dispatcher: Failed to fetch updates - TelegramConflictError: Telegram server says - Conflict: terminated by other getUpdates request; make sure that only one bot instance is running
2026-08-28 13:08:49,601 [WARNING] aiogram.dispatcher: Sleep for 4.884458 seconds and try again... (tryings = 29, bot id = 8654316556)
2026-08-28 13:09:01,304 [ERROR] aiogram.dispatcher: Failed to fetch updates - TelegramConflictError: Telegram server says - Conflict: terminated by other getUpdates request; make sure that only one bot instance is running
2026-08-28 13:09:01,304 [WARNING] aiogram.dispatcher: Sleep for 4.953765 seconds and try again... (tryings = 30, bot id = 8654316556)
2026-08-28 13:09:13,080 [ERROR] aiogram.dispatcher: Failed to fetch updates - TelegramConflictError: Telegram server says - Conflict: terminated by other getUpdates request; make sure that only one bot instance is running
2026-08-28 13:09:13,080 [WARNING] aiogram.dispatcher: Sleep for 4.923219 seconds and try again... (tryings = 31, bot id = 8654316556)
2026-08-28 13:09:24,817 [ERROR] aiogram.dispatcher: Failed to fetch updates - TelegramConflictError: Telegram server says - Conflict: terminated by other getUpdates request; make sure that only one bot instance is running
2026-08-28 13:09:24,817 [WARNING] aiogram.dispatcher: Sleep for 5.193206 seconds and try again... (tryings = 32, bot id = 8654316556)
2026-08-28 13:09:36,823 [ERROR] aiogram.dispatcher: Failed to fetch updates - TelegramConflictError: Telegram server says - Conflict: terminated by other getUpdates request; make sure that only one bot instance is running
2026-08-28 13:09:36,823 [WARNING] aiogram.dispatcher: Sleep for 4.851035 seconds and try again... (tryings = 33, bot id = 8654316556)
2026-08-28 13:09:48,475 [ERROR] aiogram.dispatcher: Failed to fetch updates - TelegramConflictError: Telegram server says - Conflict: terminated by other getUpdates request; make sure that only one bot instance is running
2026-08-28 13:09:48,476 [WARNING] aiogram.dispatcher: Sleep for 4.894363 seconds and try again... (tryings = 34, bot id = 8654316556)
2026-08-28 13:10:00,184 [ERROR] aiogram.dispatcher: Failed to fetch updates - TelegramConflictError: Telegram server says - Conflict: terminated by other getUpdates request; make sure that only one bot instance is running
2026-08-28 13:10:00,185 [WARNING] aiogram.dispatcher: Sleep for 5.043377 seconds and try again... (tryings = 35, bot id = 8654316556)
2026-08-28 13:10:12,040 [ERROR] aiogram.dispatcher: Failed to fetch updates - TelegramConflictError: Telegram server says - Conflict: terminated by other getUpdates request; make sure that only one bot instance is running
2026-08-28 13:10:12,040 [WARNING] aiogram.dispatcher: Sleep for 5.051703 seconds and try again... (tryings = 36, bot id = 8654316556)
2026-08-28 13:10:23,902 [ERROR] aiogram.dispatcher: Failed to fetch updates - TelegramConflictError: Telegram server says - Conflict: terminated by other getUpdates request; make sure that only one bot instance is running
2026-08-28 13:10:23,903 [WARNING] aiogram.dispatcher: Sleep for 5.086481 seconds and try again... (tryings = 37, bot id = 8654316556)
2026-08-28 13:10:35,803 [ERROR] aiogram.dispatcher: Failed to fetch updates - TelegramConflictError: Telegram server says - Conflict: terminated by other getUpdates request; make sure that only one bot instance is running
2026-08-28 13:10:35,803 [WARNING] aiogram.dispatcher: Sleep for 5.019894 seconds and try again... (tryings = 38, bot id = 8654316556)
2026-08-28 13:10:47,640 [ERROR] aiogram.dispatcher: Failed to fetch updates - TelegramConflictError: Telegram server says - Conflict: terminated by other getUpdates request; make sure that only one bot instance is running
2026-08-28 13:10:47,641 [WARNING] aiogram.dispatcher: Sleep for 5.032860 seconds and try again... (tryings = 39, bot id = 8654316556)
2026-08-28 13:10:59,508 [ERROR] aiogram.dispatcher: Failed to fetch updates - TelegramConflictError: Telegram server says - Conflict: terminated by other getUpdates request; make sure that only one bot instance is running
2026-08-28 13:10:59,509 [WARNING] aiogram.dispatcher: Sleep for 5.214347 seconds and try again... (tryings = 40, bot id = 8654316556)
2026-08-28 13:11:11,731 [ERROR] aiogram.dispatcher: Failed to fetch updates - TelegramConflictError: Telegram server says - Conflict: terminated by other getUpdates request; make sure that only one bot instance is running
2026-08-28 13:11:11,731 [WARNING] aiogram.dispatcher: Sleep for 4.976297 seconds and try again... (tryings = 41, bot id = 8654316556)
2026-08-28 13:11:23,529 [ERROR] aiogram.dispatcher: Failed to fetch updates - TelegramConflictError: Telegram server says - Conflict: terminated by other getUpdates request; make sure that only one bot instance is running
2026-08-28 13:11:23,530 [WARNING] aiogram.dispatcher: Sleep for 4.797683 seconds and try again... (tryings = 42, bot id = 8654316556)
2026-08-28 13:11:35,187 [ERROR] aiogram.dispatcher: Failed to fetch updates - TelegramConflictError: Telegram server says - Conflict: terminated by other getUpdates request; make sure that only one bot instance is running
2026-08-28 13:11:35,188 [WARNING] aiogram.dispatcher: Sleep for 4.973593 seconds and try again... (tryings = 43, bot id = 8654316556)
2026-08-28 13:11:46,968 [ERROR] aiogram.dispatcher: Failed to fetch updates - TelegramConflictError: Telegram server says - Conflict: terminated by other getUpdates request; make sure that only one bot instance is running
2026-08-28 13:11:46,969 [WARNING] aiogram.dispatcher: Sleep for 5.098631 seconds and try again... (tryings = 44, bot id = 8654316556)
2026-08-28 13:11:58,880 [ERROR] aiogram.dispatcher: Failed to fetch updates - TelegramConflictError: Telegram server says - Conflict: terminated by other getUpdates request; make sure that only one bot instance is running
2026-08-28 13:11:58,881 [WARNING] aiogram.dispatcher: Sleep for 5.218257 seconds and try again... (tryings = 45, bot id = 8654316556)
2026-08-28 13:12:10,899 [ERROR] aiogram.dispatcher: Failed to fetch updates - TelegramConflictError: Telegram server says - Conflict: terminated by other getUpdates request; make sure that only one bot instance is running
2026-08-28 13:12:10,899 [WARNING] aiogram.dispatcher: Sleep for 5.092984 seconds and try again... (tryings = 46, bot id = 8654316556)
2026-08-28 13:12:22,810 [ERROR] aiogram.dispatcher: Failed to fetch updates - TelegramConflictError: Telegram server says - Conflict: terminated by other getUpdates request; make sure that only one bot instance is running
2026-08-28 13:12:22,811 [WARNING] aiogram.dispatcher: Sleep for 4.943093 seconds and try again... (tryings = 47, bot id = 8654316556)
2026-08-28 13:12:34,559 [ERROR] aiogram.dispatcher: Failed to fetch updates - TelegramConflictError: Telegram server says - Conflict: terminated by other getUpdates request; make sure that only one bot instance is running
2026-08-28 13:12:34,559 [WARNING] aiogram.dispatcher: Sleep for 5.098862 seconds and try again... (tryings = 48, bot id = 8654316556)
2026-08-28 13:12:46,478 [ERROR] aiogram.dispatcher: Failed to fetch updates - TelegramConflictError: Telegram server says - Conflict: terminated by other getUpdates request; make sure that only one bot instance is running
2026-08-28 13:12:46,479 [WARNING] aiogram.dispatcher: Sleep for 4.963018 seconds and try again... (tryings = 49, bot id = 8654316556)
2026-08-28 13:12:58,245 [ERROR] aiogram.dispatcher: Failed to fetch updates - TelegramConflictError: Telegram server says - Conflict: terminated by other getUpdates request; make sure that only one bot instance is running
2026-08-28 13:12:58,245 [WARNING] aiogram.dispatcher: Sleep for 4.903793 seconds and try again... (tryings = 50, bot id = 8654316556)
2026-08-28 13:13:09,965 [ERROR] aiogram.dispatcher: Failed to fetch updates - TelegramConflictError: Telegram server says - Conflict: terminated by other getUpdates request; make sure that only one bot instance is running
2026-08-28 13:13:09,965 [WARNING] aiogram.dispatcher: Sleep for 4.981991 seconds and try again... (tryings = 51, bot id = 8654316556)
2026-08-28 13:13:21,752 [ERROR] aiogram.dispatcher: Failed to fetch updates - TelegramConflictError: Telegram server says - Conflict: terminated by other getUpdates request; make sure that only one bot instance is running
2026-08-28 13:13:21,752 [WARNING] aiogram.dispatcher: Sleep for 5.075616 seconds and try again... (tryings = 52, bot id = 8654316556)
2026-08-28 13:13:33,647 [ERROR] aiogram.dispatcher: Failed to fetch updates - TelegramConflictError: Telegram server says - Conflict: terminated by other getUpdates request; make sure that only one bot instance is running
2026-08-28 13:13:33,647 [WARNING] aiogram.dispatcher: Sleep for 5.167800 seconds and try again... (tryings = 53, bot id = 8654316556)
2026-08-28 13:13:44,147 [ERROR] aiogram.dispatcher: Failed to fetch updates - TelegramConflictError: Telegram server says - Conflict: terminated by other getUpdates request; make sure that only one bot instance is running
2026-08-28 13:13:44,148 [WARNING] aiogram.dispatcher: Sleep for 5.032222 seconds and try again... (tryings = 54, bot id = 8654316556)
2026-08-28 13:13:55,985 [ERROR] aiogram.dispatcher: Failed to fetch updates - TelegramConflictError: Telegram server says - Conflict: terminated by other getUpdates request; make sure that only one bot instance is running
2026-08-28 13:13:55,985 [WARNING] aiogram.dispatcher: Sleep for 4.892654 seconds and try again... (tryings = 55, bot id = 8654316556)
2026-08-28 13:14:07,706 [ERROR] aiogram.dispatcher: Failed to fetch updates - TelegramConflictError: Telegram server says - Conflict: terminated by other getUpdates request; make sure that only one bot instance is running
2026-08-28 13:14:07,706 [WARNING] aiogram.dispatcher: Sleep for 5.040064 seconds and try again... (tryings = 56, bot id = 8654316556)
2026-08-28 13:14:19,530 [ERROR] aiogram.dispatcher: Failed to fetch updates - TelegramConflictError: Telegram server says - Conflict: terminated by other getUpdates request; make sure that only one bot instance is running
2026-08-28 13:14:19,531 [WARNING] aiogram.dispatcher: Sleep for 4.929091 seconds and try again... (tryings = 57, bot id = 8654316556)
2026-08-28 13:14:34,422 [ERROR] aiogram.dispatcher: Failed to fetch updates - TelegramConflictError: Telegram server says - Conflict: terminated by other getUpdates request; make sure that only one bot instance is running
2026-08-28 13:14:34,422 [WARNING] aiogram.dispatcher: Sleep for 4.894013 seconds and try again... (tryings = 58, bot id = 8654316556)
2026-08-28 13:14:46,124 [ERROR] aiogram.dispatcher: Failed to fetch updates - TelegramConflictError: Telegram server says - Conflict: terminated by other getUpdates request; make sure that only one bot instance is running
2026-08-28 13:14:46,125 [WARNING] aiogram.dispatcher: Sleep for 5.071986 seconds and try again... (tryings = 59, bot id = 8654316556)
2026-08-28 13:14:58,037 [ERROR] aiogram.dispatcher: Failed to fetch updates - TelegramConflictError: Telegram server says - Conflict: terminated by other getUpdates request; make sure that only one bot instance is running
2026-08-28 13:14:58,037 [WARNING] aiogram.dispatcher: Sleep for 4.972361 seconds and try again... (tryings = 60, bot id = 8654316556)
2026-08-28 13:15:09,807 [ERROR] aiogram.dispatcher: Failed to fetch updates - TelegramConflictError: Telegram server says - Conflict: terminated by other getUpdates request; make sure that only one bot instance is running
2026-08-28 13:15:09,807 [WARNING] aiogram.dispatcher: Sleep for 5.108455 seconds and try again... (tryings = 61, bot id = 8654316556)
2026-08-28 13:15:21,715 [ERROR] aiogram.dispatcher: Failed to fetch updates - TelegramConflictError: Telegram server says - Conflict: terminated by other getUpdates request; make sure that only one bot instance is running
2026-08-28 13:15:21,715 [WARNING] aiogram.dispatcher: Sleep for 5.132877 seconds and try again... (tryings = 62, bot id = 8654316556)
2026-08-28 13:15:33,645 [ERROR] aiogram.dispatcher: Failed to fetch updates - TelegramConflictError: Telegram server says - Conflict: terminated by other getUpdates request; make sure that only one bot instance is running
2026-08-28 13:15:33,645 [WARNING] aiogram.dispatcher: Sleep for 4.951863 seconds and try again... (tryings = 63, bot id = 8654316556)
2026-08-28 13:15:45,423 [ERROR] aiogram.dispatcher: Failed to fetch updates - TelegramConflictError: Telegram server says - Conflict: terminated by other getUpdates request; make sure that only one bot instance is running
2026-08-28 13:15:45,423 [WARNING] aiogram.dispatcher: Sleep for 5.037687 seconds and try again... (tryings = 64, bot id = 8654316556)
2026-08-28 13:15:57,275 [ERROR] aiogram.dispatcher: Failed to fetch updates - TelegramConflictError: Telegram server says - Conflict: terminated by other getUpdates request; make sure that only one bot instance is running
2026-08-28 13:15:57,275 [WARNING] aiogram.dispatcher: Sleep for 5.276083 seconds and try again... (tryings = 65, bot id = 8654316556)
2026-08-28 13:16:09,355 [ERROR] aiogram.dispatcher: Failed to fetch updates - TelegramConflictError: Telegram server says - Conflict: terminated by other getUpdates request; make sure that only one bot instance is running
2026-08-28 13:16:09,355 [WARNING] aiogram.dispatcher: Sleep for 4.948830 seconds and try again... (tryings = 66, bot id = 8654316556)
2026-08-28 13:16:21,332 [ERROR] aiogram.dispatcher: Failed to fetch updates - TelegramConflictError: Telegram server says - Conflict: terminated by other getUpdates request; make sure that only one bot instance is running
2026-08-28 13:16:21,332 [WARNING] aiogram.dispatcher: Sleep for 5.033473 seconds and try again... (tryings = 67, bot id = 8654316556)
2026-08-28 13:16:33,203 [ERROR] aiogram.dispatcher: Failed to fetch updates - TelegramConflictError: Telegram server says - Conflict: terminated by other getUpdates request; make sure that only one bot instance is running
2026-08-28 13:16:33,203 [WARNING] aiogram.dispatcher: Sleep for 4.964281 seconds and try again... (tryings = 68, bot id = 8654316556)
2026-08-28 13:16:44,985 [ERROR] aiogram.dispatcher: Failed to fetch updates - TelegramConflictError: Telegram server says - Conflict: terminated by other getUpdates request; make sure that only one bot instance is running
2026-08-28 13:16:44,986 [WARNING] aiogram.dispatcher: Sleep for 5.016027 seconds and try again... (tryings = 69, bot id = 8654316556)
2026-08-28 13:16:56,819 [ERROR] aiogram.dispatcher: Failed to fetch updates - TelegramConflictError: Telegram server says - Conflict: terminated by other getUpdates request; make sure that only one bot instance is running
2026-08-28 13:16:56,819 [WARNING] aiogram.dispatcher: Sleep for 5.055131 seconds and try again... (tryings = 70, bot id = 8654316556)
2026-08-28 13:17:08,675 [ERROR] aiogram.dispatcher: Failed to fetch updates - TelegramConflictError: Telegram server says - Conflict: terminated by other getUpdates request; make sure that only one bot instance is running
2026-08-28 13:17:08,675 [WARNING] aiogram.dispatcher: Sleep for 4.920890 seconds and try again... (tryings = 71, bot id = 8654316556)
2026-08-28 13:17:20,386 [ERROR] aiogram.dispatcher: Failed to fetch updates - TelegramConflictError: Telegram server says - Conflict: terminated by other getUpdates request; make sure that only one bot instance is running
2026-08-28 13:17:20,387 [WARNING] aiogram.dispatcher: Sleep for 5.185236 seconds and try again... (tryings = 72, bot id = 8654316556)
2026-08-28 13:17:32,354 [ERROR] aiogram.dispatcher: Failed to fetch updates - TelegramConflictError: Telegram server says - Conflict: terminated by other getUpdates request; make sure that only one bot instance is running
2026-08-28 13:17:32,354 [WARNING] aiogram.dispatcher: Sleep for 4.997171 seconds and try again... (tryings = 73, bot id = 8654316556)
2026-08-28 13:17:44,139 [ERROR] aiogram.dispatcher: Failed to fetch updates - TelegramConflictError: Telegram server says - Conflict: terminated by other getUpdates request; make sure that only one bot instance is running
2026-08-28 13:17:44,139 [WARNING] aiogram.dispatcher: Sleep for 5.144204 seconds and try again... (tryings = 74, bot id = 8654316556)
2026-08-28 13:17:56,088 [ERROR] aiogram.dispatcher: Failed to fetch updates - TelegramConflictError: Telegram server says - Conflict: terminated by other getUpdates request; make sure that only one bot instance is running
2026-08-28 13:17:56,089 [WARNING] aiogram.dispatcher: Sleep for 5.071696 seconds and try again... (tryings = 75, bot id = 8654316556)
2026-08-28 13:18:07,988 [ERROR] aiogram.dispatcher: Failed to fetch updates - TelegramConflictError: Telegram server says - Conflict: terminated by other getUpdates request; make sure that only one bot instance is running
2026-08-28 13:18:07,989 [WARNING] aiogram.dispatcher: Sleep for 5.039028 seconds and try again... (tryings = 76, bot id = 8654316556)
2026-08-28 13:18:19,852 [ERROR] aiogram.dispatcher: Failed to fetch updates - TelegramConflictError: Telegram server says - Conflict: terminated by other getUpdates request; make sure that only one bot instance is running
2026-08-28 13:18:19,853 [WARNING] aiogram.dispatcher: Sleep for 4.959776 seconds and try again... (tryings = 77, bot id = 8654316556)
2026-08-28 13:18:31,650 [ERROR] aiogram.dispatcher: Failed to fetch updates - TelegramConflictError: Telegram server says - Conflict: terminated by other getUpdates request; make sure that only one bot instance is running
2026-08-28 13:18:31,650 [WARNING] aiogram.dispatcher: Sleep for 4.979386 seconds and try again... (tryings = 78, bot id = 8654316556)
2026-08-28 13:18:43,414 [ERROR] aiogram.dispatcher: Failed to fetch updates - TelegramConflictError: Telegram server says - Conflict: terminated by other getUpdates request; make sure that only one bot instance is running
2026-08-28 13:18:43,416 [WARNING] aiogram.dispatcher: Sleep for 5.017774 seconds and try again... (tryings = 79, bot id = 8654316556)
2026-08-28 13:18:55,232 [ERROR] aiogram.dispatcher: Failed to fetch updates - TelegramConflictError: Telegram server says - Conflict: terminated by other getUpdates request; make sure that only one bot instance is running
2026-08-28 13:18:55,232 [WARNING] aiogram.dispatcher: Sleep for 4.743033 seconds and try again... (tryings = 80, bot id = 8654316556)
2026-08-28 13:19:06,776 [ERROR] aiogram.dispatcher: Failed to fetch updates - TelegramConflictError: Telegram server says - Conflict: terminated by other getUpdates request; make sure that only one bot instance is running
2026-08-28 13:19:06,776 [WARNING] aiogram.dispatcher: Sleep for 4.976891 seconds and try again... (tryings = 81, bot id = 8654316556)
2026-08-28 13:23:21,246 [INFO] tg_video_bot.audit: Запуск полного аудита системы и проверки компонентов...
2026-08-28 13:23:21,248 [INFO] tg_video_bot.audit: Аудит БД: ОК (Треков: 5, Футажей: 99, Инфлюенсеров: 30)
2026-08-28 13:23:21,328 [INFO] tg_video_bot.audit: Аудит субтитров: ОК (все 6 стилей срендерены)
2026-08-28 13:23:21,967 [INFO] services.chorus_extractor: [Auto-Chorus] Загрузка файла для анализа: C:\Users\a.feoktistov\.gemini\antigravity\scratch\tg_video_bot\downloads\music\snippets\segment_161_130_160.mp3
2026-08-28 13:23:23,738 [INFO] services.chorus_extractor: [Auto-Chorus] Припев найден: 12.1s - 27.1s (оценка: 0.29)
2026-08-28 13:23:24,035 [INFO] tg_video_bot.audit: Аудит припевов: ОК (найден припев 12.1-27.1s)
2026-08-28 13:23:24,035 [INFO] tg_video_bot.audit: Аудит клавиатур Telegram: ОК
2026-08-28 13:23:24,035 [INFO] tg_video_bot.audit: Аудит соединения роутеров и эндпоинтов: ОК
2026-08-28 13:23:24,036 [INFO] tg_video_bot.audit: Полный аудит завершен успешно. БАГОВ НЕ ОБНАРУЖЕНО.
2026-08-28 13:23:24,036 [INFO] tg_video_bot: Запуск системы SnipPlitAiStudio...
2026-08-28 13:23:24,036 [INFO] tg_video_bot: Бот Telegram (aiogram) запущен в защищенном режиме.
2026-08-28 13:23:24,037 [INFO] tg_video_bot: Запуск сервера FastAPI/Uvicorn на http://localhost:8000
2026-08-28 13:23:24,051 [INFO] aiogram.dispatcher: Start polling
2026-08-28 13:23:24,639 [INFO] aiogram.dispatcher: Run polling for bot @SnipPlit_bot id=8654316556 - 'Plitty 🐾 | SnipPlit'
2026-08-28 13:23:31,428 [ERROR] aiogram.dispatcher: Failed to fetch updates - TelegramConflictError: Telegram server says - Conflict: terminated by other getUpdates request; make sure that only one bot instance is running
2026-08-28 13:23:31,429 [WARNING] aiogram.dispatcher: Sleep for 1.000000 seconds and try again... (tryings = 0, bot id = 8654316556)
2026-08-28 13:23:42,223 [ERROR] aiogram.dispatcher: Failed to fetch updates - TelegramConflictError: Telegram server says - Conflict: terminated by other getUpdates request; make sure that only one bot instance is running
2026-08-28 13:23:42,224 [WARNING] aiogram.dispatcher: Sleep for 1.466876 seconds and try again... (tryings = 1, bot id = 8654316556)
2026-08-28 13:23:53,486 [ERROR] aiogram.dispatcher: Failed to fetch updates - TelegramConflictError: Telegram server says - Conflict: terminated by other getUpdates request; make sure that only one bot instance is running
2026-08-28 13:23:53,486 [WARNING] aiogram.dispatcher: Sleep for 2.015224 seconds and try again... (tryings = 2, bot id = 8654316556)
2026-08-28 13:24:05,294 [ERROR] aiogram.dispatcher: Failed to fetch updates - TelegramConflictError: Telegram server says - Conflict: terminated by other getUpdates request; make sure that only one bot instance is running
2026-08-28 13:24:05,295 [WARNING] aiogram.dispatcher: Sleep for 2.542143 seconds and try again... (tryings = 3, bot id = 8654316556)
2026-08-28 13:24:17,620 [ERROR] aiogram.dispatcher: Failed to fetch updates - TelegramConflictError: Telegram server says - Conflict: terminated by other getUpdates request; make sure that only one bot instance is running
2026-08-28 13:24:17,620 [WARNING] aiogram.dispatcher: Sleep for 3.259613 seconds and try again... (tryings = 4, bot id = 8654316556)
2026-08-28 13:24:27,649 [ERROR] aiogram.dispatcher: Failed to fetch updates - TelegramConflictError: Telegram server says - Conflict: terminated by other getUpdates request; make sure that only one bot instance is running
2026-08-28 13:24:27,650 [WARNING] aiogram.dispatcher: Sleep for 4.311807 seconds and try again... (tryings = 5, bot id = 8654316556)
2026-08-28 13:24:38,738 [ERROR] aiogram.dispatcher: Failed to fetch updates - TelegramConflictError: Telegram server says - Conflict: terminated by other getUpdates request; make sure that only one bot instance is running
2026-08-28 13:24:38,738 [WARNING] aiogram.dispatcher: Sleep for 4.993013 seconds and try again... (tryings = 6, bot id = 8654316556)
2026-08-28 13:24:50,518 [ERROR] aiogram.dispatcher: Failed to fetch updates - TelegramConflictError: Telegram server says - Conflict: terminated by other getUpdates request; make sure that only one bot instance is running
2026-08-28 13:24:50,518 [WARNING] aiogram.dispatcher: Sleep for 5.038345 seconds and try again... (tryings = 7, bot id = 8654316556)
2026-08-28 13:25:02,358 [ERROR] aiogram.dispatcher: Failed to fetch updates - TelegramConflictError: Telegram server says - Conflict: terminated by other getUpdates request; make sure that only one bot instance is running
2026-08-28 13:25:02,359 [WARNING] aiogram.dispatcher: Sleep for 5.053178 seconds and try again... (tryings = 8, bot id = 8654316556)
2026-08-28 13:25:14,231 [ERROR] aiogram.dispatcher: Failed to fetch updates - TelegramConflictError: Telegram server says - Conflict: terminated by other getUpdates request; make sure that only one bot instance is running
2026-08-28 13:25:14,231 [WARNING] aiogram.dispatcher: Sleep for 5.144588 seconds and try again... (tryings = 9, bot id = 8654316556)
2026-08-28 13:27:47,335 [INFO] tg_video_bot.audit: Запуск полного аудита системы и проверки компонентов...
2026-08-28 13:27:47,336 [INFO] tg_video_bot.audit: Аудит БД: ОК (Треков: 5, Футажей: 99, Инфлюенсеров: 30)
2026-08-28 13:27:47,415 [INFO] tg_video_bot.audit: Аудит субтитров: ОК (все 6 стилей срендерены)
2026-08-28 13:27:48,055 [INFO] services.chorus_extractor: [Auto-Chorus] Загрузка файла для анализа: C:\Users\a.feoktistov\.gemini\antigravity\scratch\tg_video_bot\downloads\music\snippets\segment_161_130_160.mp3
2026-08-28 13:27:49,702 [INFO] services.chorus_extractor: [Auto-Chorus] Припев найден: 12.1s - 27.1s (оценка: 0.29)
2026-08-28 13:27:49,946 [INFO] tg_video_bot.audit: Аудит припевов: ОК (найден припев 12.1-27.1s)
2026-08-28 13:27:49,946 [INFO] tg_video_bot.audit: Аудит клавиатур Telegram: ОК
2026-08-28 13:27:49,946 [INFO] tg_video_bot.audit: Аудит соединения роутеров и эндпоинтов: ОК
2026-08-28 13:27:49,947 [INFO] tg_video_bot.audit: Полный аудит завершен успешно. БАГОВ НЕ ОБНАРУЖЕНО.
2026-08-28 13:27:49,947 [INFO] tg_video_bot: Запуск сервера SnipPlitAiStudio FastAPI...
2026-08-28 15:00:31,399 [INFO] tg_video_bot.audit: Запуск полного аудита системы и проверки компонентов...
2026-08-28 15:00:31,402 [INFO] tg_video_bot.audit: Аудит БД: ОК (Треков: 5, Футажей: 99, Инфлюенсеров: 30)
2026-08-28 15:00:31,480 [INFO] tg_video_bot.audit: Аудит субтитров: ОК (все 6 стилей срендерены)
2026-08-28 15:00:32,126 [INFO] services.chorus_extractor: [Auto-Chorus] Загрузка файла для анализа: C:\Users\a.feoktistov\.gemini\antigravity\scratch\tg_video_bot\downloads\music\snippets\segment_161_130_160.mp3
2026-08-28 15:00:33,835 [INFO] services.chorus_extractor: [Auto-Chorus] Припев найден: 12.1s - 27.1s (оценка: 0.29)
2026-08-28 15:00:34,075 [INFO] tg_video_bot.audit: Аудит припевов: ОК (найден припев 12.1-27.1s)
2026-08-28 15:00:34,075 [INFO] tg_video_bot.audit: Аудит клавиатур Telegram: ОК
2026-08-28 15:00:34,075 [INFO] tg_video_bot.audit: Аудит соединения роутеров и эндпоинтов: ОК
2026-08-28 15:00:34,075 [INFO] tg_video_bot.audit: Полный аудит завершен успешно. БАГОВ НЕ ОБНАРУЖЕНО.
2026-08-28 15:00:34,076 [INFO] tg_video_bot: Запуск сервера SnipPlitAiStudio FastAPI...
2026-08-28 15:50:19,938 [INFO] tg_video_bot.audit: Запуск полного аудита системы и проверки компонентов...
2026-08-28 15:50:19,940 [INFO] tg_video_bot.audit: Аудит БД: ОК (Треков: 5, Футажей: 99, Инфлюенсеров: 30)
2026-08-28 15:50:20,019 [INFO] tg_video_bot.audit: Аудит субтитров: ОК (все 6 стилей срендерены)
2026-08-28 15:50:20,648 [INFO] services.chorus_extractor: [Auto-Chorus] Загрузка файла для анализа: C:\Users\a.feoktistov\.gemini\antigravity\scratch\tg_video_bot\downloads\music\snippets\segment_161_130_160.mp3
2026-08-28 15:50:22,545 [INFO] services.chorus_extractor: [Auto-Chorus] Припев найден: 12.1s - 27.1s (оценка: 0.29)
2026-08-28 15:50:22,814 [INFO] tg_video_bot.audit: Аудит припевов: ОК (найден припев 12.1-27.1s)
2026-08-28 15:50:22,814 [INFO] tg_video_bot.audit: Аудит клавиатур Telegram: ОК
2026-08-28 15:50:22,814 [INFO] tg_video_bot.audit: Аудит соединения роутеров и эндпоинтов: ОК
2026-08-28 15:50:22,814 [INFO] tg_video_bot.audit: Полный аудит завершен успешно. БАГОВ НЕ ОБНАРУЖЕНО.
2026-08-28 15:50:22,816 [INFO] tg_video_bot: Запуск сервера SnipPlitAiStudio FastAPI...
2026-09-01 12:17:50,927 [INFO] tg_video_bot.audit: Запуск полного аудита системы и проверки компонентов...
2026-09-01 12:17:50,937 [INFO] tg_video_bot.audit: Аудит БД: ОК (Треков: 5, Футажей: 99, Инфлюенсеров: 30)
2026-09-01 12:17:51,080 [INFO] tg_video_bot.audit: Аудит субтитров: ОК (все 6 стилей срендерены)
2026-09-01 12:17:56,922 [INFO] services.chorus_extractor: [Auto-Chorus] Загрузка файла для анализа: C:\Users\a.feoktistov\.gemini\antigravity\scratch\tg_video_bot\downloads\music\snippets\segment_161_130_160.mp3
2026-09-01 12:18:02,208 [INFO] services.chorus_extractor: [Auto-Chorus] Припев найден: 12.1s - 27.1s (оценка: 0.29)
2026-09-01 12:18:02,489 [INFO] tg_video_bot.audit: Аудит припевов: ОК (найден припев 12.1-27.1s)
2026-09-01 12:18:02,495 [INFO] tg_video_bot.audit: Аудит клавиатур Telegram: ОК
2026-09-01 12:18:02,495 [INFO] tg_video_bot.audit: Аудит соединения роутеров и эндпоинтов: ОК
2026-09-01 12:18:02,495 [INFO] tg_video_bot.audit: Полный аудит завершен успешно. БАГОВ НЕ ОБНАРУЖЕНО.
2026-09-01 12:18:02,505 [INFO] tg_video_bot: Запуск сервера SnipPlitAiStudio FastAPI...
2026-09-01 16:30:41,966 [INFO] tg_video_bot.audit: Запуск полного аудита системы и проверки компонентов...
2026-09-01 16:30:41,969 [INFO] tg_video_bot.audit: Аудит БД: ОК (Треков: 5, Футажей: 99, Инфлюенсеров: 30)
2026-09-01 16:30:42,054 [INFO] tg_video_bot.audit: Аудит субтитров: ОК (все 6 стилей срендерены)
2026-09-01 16:30:42,826 [INFO] services.chorus_extractor: [Auto-Chorus] Загрузка файла для анализа: C:\Users\a.feoktistov\.gemini\antigravity\scratch\tg_video_bot\downloads\music\snippets\segment_161_130_160.mp3
2026-09-01 16:30:44,775 [INFO] services.chorus_extractor: [Auto-Chorus] Припев найден: 12.1s - 27.1s (оценка: 0.29)
2026-09-01 16:30:45,092 [INFO] tg_video_bot.audit: Аудит припевов: ОК (найден припев 12.1-27.1s)
2026-09-01 16:30:45,092 [INFO] tg_video_bot.audit: Аудит клавиатур Telegram: ОК
2026-09-01 16:30:45,092 [INFO] tg_video_bot.audit: Аудит соединения роутеров и эндпоинтов: ОК
2026-09-01 16:30:45,092 [INFO] tg_video_bot.audit: Полный аудит завершен успешно. БАГОВ НЕ ОБНАРУЖЕНО.
2026-09-01 16:30:45,095 [INFO] tg_video_bot: Запуск сервера SnipPlitAiStudio FastAPI...
